state,city,city_id,year,population,population_density,workforce_participation_rate,economic_density_score,water_coverage_pct,sewerage_coverage_pct,public_transit_score,road_quality_score,internet_access_pct,literacy_rate,healthcare_facilities_per_100k,crime_rate_per_100k,school_access_pct,poverty_rate_pct,informal_settlement_pct,gender_workforce_gap_pct,pm25_ug_m3,pm10_ug_m3,no2_ug_m3,green_space_pct,waste_collection_pct,waste_treatment_pct,municipal_service_score,governance_score
Karnataka,Bengaluru,IN-001,0.059400384986120235,0.9810812496142045,0.8829379575773169,0.09228732199364274,1.4495015387285675,0.287513639134975,0.23420426402107467,0.29771963838504645,-0.15965297638125228,0.0549671809026877,0.5787829249130038,0.3490885362514386,0.17638405484791744,0.0684587272032568,0.3302011071146571,0.817155130051963,0.12550162736091272,0.5821500562888198,0.36799650486422086,0.1392149155124665,0.2511376321083787,0.11177788782517586,0.16158315676562854,0.1615031208530281,0.47598312312606805
Karnataka,Bengaluru,IN-001,0.019889526002806857,0.965385718298717,0.6325984986654358,0.21540637232439894,1.7556669265344336,0.2545966099883946,0.09024864335854792,0.23623640677059268,0.13036789895402706,0.03897984890621932,0.9692059028419622,0.375378091981384,0.21036958678859632,0.06574179813717512,0.2808094719073096,0.8370490236908683,0.18359919525436083,0.6405774870535459,0.3862057364068455,0.10174516633383085,0.2516999196662968,0.0913024502571923,0.042800753987129264,0.17125997735601534,0.38872772606021827
Karnataka,Bengaluru,IN-001,-0.010587849696842871,0.970865774605041,0.4669096909767882,0.19926053244226363,1.8674836216147481,0.2395999577935748,0.20092450627623887,0.22964429440036285,0.12233058696407766,0.030886050977270072,1.540584445531957,0.2789443816713041,0.2075960987931902,0.0654371260355498,0.3204691314366304,0.9300088123529452,0.09553463891884614,0.6949772036253002,0.3532904809126284,0.01875709976342006,0.2574274610427721,0.07315736557921569,0.04449105563307477,0.15102008469274453,0.4161157830271363
Karnataka,Bengaluru,IN-001,-0.0032909043377858925,1.0269664883341332,0.3920036373074334,0.21587644128198397,1.7350537003610553,0.2678807984968242,0.2363748344600283,0.20849415389003703,0.010884219765284107,0.028788751903785534,1.7120862993008648,0.31854732698880006,0.19469668215891525,0.05715841360699454,0.29819725810546804,0.9345442107537244,0.4260876882670666,0.6933093896613598,0.3507938809100681,0.14714447419194446,0.20661339394783398,-0.02935693315459355,-0.066098196513907,0.1600899690593546,0.3933656174199544
Karnataka,Bengaluru,IN-001,-0.0038948844280104985,1.0823856387195085,0.37244287312916396,0.2711590695921607,1.9143161618922266,0.28544600285999305,0.2354300672825402,0.22773281702982462,0.11523111367993076,0.02977316095504457,1.6696657770303769,0.2427339872099,0.14514126840901326,0.055298735841076085,0.29920626132559297,0.938205140663053,0.3348149594828485,0.735992388367066,0.3269452545198928,0.14127337883664604,0.1706351596281008,-0.030891855055608364,-0.04676256345436367,0.1553511597985035,0.4371374926928581
Karnataka,Bengaluru,IN-001,-0.010883340069655488,1.0143313521045416,0.3876732374722757,0.30786647486430907,1.8973254837959688,0.21930176339729412,0.19782282215925998,0.25167034822179213,0.12206958429865783,-0.011271306230202019,1.799985190555557,0.33567206731982613,0.21831063221055588,0.03556648845031237,0.2666527277259607,0.9448716741409128,0.34150327360090166,0.8207565894353724,0.42656507801001653,0.1246243095496284,0.19954547029164946,0.03861088342113637,-0.050996611217821564,0.1966897634198003,0.3627420426262234
Karnataka,Bengaluru,IN-001,-0.0029187279062810926,1.038568169564553,0.3656883800646942,0.3900055755251724,1.8864542428429754,0.21421786792580982,0.2466837233063456,0.2665097786121035,0.1229200310941792,0.016269012618032274,1.9151171639939586,0.31838386949773134,0.13854790355171115,0.03135173050737587,0.24789813796472035,0.9388381922863297,0.5290090162543079,0.6981283454786826,0.40380534948570523,0.16976304452446714,0.1493433030632125,0.04687622965205428,-0.04847795628308126,0.1613399951751853,0.40380998432695575
Karnataka,Bengaluru,IN-001,0.00454588034325972,1.047769104627802,0.32507624244467626,0.3592122330958564,1.9937559955968533,0.23629773109408028,0.22763940725891837,0.24269627332222918,0.11163359797095104,-0.019529057938481517,1.8069292435218405,0.2650997615896676,0.18987576217682323,0.07726671717145311,0.25515700074848835,0.8953792993123868,0.48907262540908114,0.7153883664675895,0.4005588024935715,0.16603784475162905,0.1904957416299812,0.038886957804867936,-0.023927170232597904,0.17412604758737732,0.376613775502087
Karnataka,Bengaluru,IN-001,0.002751236035355642,1.0531885139568589,0.3299897036149625,0.464886034516983,1.921210045675873,0.26001246218523477,0.2316603868374062,0.2577392365193885,0.10126428210091587,0.04992442176041963,2.005824550537127,0.30509310139263707,0.11801757610987786,0.07551832469584074,0.2475925432825941,0.9620740062123601,0.3383633550788756,0.6884658484496701,0.31552651190994835,0.16474550016695302,0.18146983359073143,0.034356381097779096,-0.003998696124404695,0.15819618000620847,0.3321171624427108
Karnataka,Bengaluru,IN-001,0.05104443617962778,1.0269744318582854,0.3298602685396684,0.5095449917706137,1.8596966524018779,0.26194272711224303,0.20757691661905464,0.25574147091230903,0.09031875303128668,0.05292555392192977,1.9412671791185643,0.2740586358916468,0.12314230448946077,0.02372713410699586,0.20001883013784044,0.8999732849111042,0.8917611178584176,0.7073451302457126,0.36392303883294663,0.19540796532550947,0.1842089941933384,0.043310602081460835,-0.03192196300702899,-0.029687952791447526,0.38836150511840745
Maharashtra,Pune,IN-002,0.11685642758738475,0.75068718950727,0.775078866286071,-0.08817461505538363,2.107981725846458,0.2853514743946185,-0.0249927642609975,0.3974066140477364,0.2068551068686572,0.05899222627544421,1.5306883070812343,0.343801160076271,0.19475053174960247,0.14223835523891232,0.3239851680097607,0.4500726616792956,0.013010549440435228,0.056113495553444484,0.23371463433943773,0.0860533043130842,0.2600035627402752,0.034134170270506616,0.15004262615480324,-0.13822016466026638,0.2696988299494976
Maharashtra,Pune,IN-002,0.07065677828934183,0.8271687684553936,0.8170640819815559,-0.0607702142057958,1.563522870289951,0.3554135545441771,0.04081976528747057,0.3036655759610195,0.19348425111606612,0.043976841746513055,1.4699831518718876,0.288455332351313,0.23835866763837413,0.09887119077566371,0.34160716598899554,0.5916889150897034,0.21036589244722553,0.04912509312362158,-0.06799256781581922,0.09905796942189239,0.19613152416815596,0.09509036607882002,0.18022389853958382,0.07869588963789649,0.5338047467744838
Maharashtra,Pune,IN-002,-0.004434660704176366,0.8201445555873004,0.7829288042695557,0.2110530898157637,2.170511083623748,0.2621347864568751,0.2436268500145686,0.22998566838464915,0.14337651231695492,0.030279745652420243,1.6290615283082481,0.24390769171172844,0.007262288393129809,0.09460142423076336,0.3141091012953374,0.6441972473529228,0.5222813804091114,-0.04124134932783198,0.09108771348582805,0.10059362520142957,0.18805366068411905,-0.04886863795541918,0.1059200166915427,0.20804687177825845,0.4186538974136558
Maharashtra,Pune,IN-002,-0.005328321961083137,0.8581332816533992,0.832311172864729,0.23189571008767512,2.1266554670530993,0.30257013005005673,0.25192042329147585,0.2798478233344373,0.1477054443449165,0.03329195004777719,1.5539865190883655,0.257012393347476,0.2704055889801758,0.03956926435504201,0.2972844438029706,0.6458298978575768,0.37530904671043164,-0.044707014291560265,-0.055553942087133816,-0.08955747675552482,0.19868165134023738,-0.005719615655561624,-0.0661933069262439,0.198687411501116,0.4370648813144376
Maharashtra,Pune,IN-002,-0.028856469474008526,0.9226957960134955,0.7289398738395201,0.25277406142751957,2.1357544533490938,0.2794279526391965,0.2477782365957659,0.23408309443415143,0.13959332880683073,0.01198221647681229,1.733295309138807,0.28815567814072496,0.15763586462174442,0.08579131769853772,0.3258331850362882,0.5593944958257149,0.4389332606608318,0.013404958637148679,0.11912664053890724,0.13118774550595388,0.1346668968119101,0.030018810790295967,-0.059876945031395096,0.1840168672027568,0.4191910980999082
Maharashtra,Pune,IN-002,-0.034261911002171574,0.9053116639478223,0.7442231880769045,0.37440490857868836,2.0142860634467623,0.2249207643271379,0.2497124494477745,0.22896978269508508,0.11415957574262325,0.007763701594924602,1.870093551834872,0.32771021899696506,0.1575115109287301,0.05334601871696438,0.32350629618447224,0.6882504663699989,0.4310715956702971,0.3692649479493171,0.26064649677848284,0.0023428256430277662,0.19763484547710874,-0.006696399019536652,-0.054954346495469236,0.1489426049965359,0.3981060221703561
Maharashtra,Pune,IN-002,-0.012569995369230738,0.9627648778182681,0.8294928847056164,0.2127382563832171,2.026013259306646,0.26377628044630186,0.2448081119591432,0.2332735356133756,0.12726427234842386,-0.014290636837888865,1.9026585356404822,0.30314805862347083,0.1611695810493363,0.0718671883630525,0.27842253912177534,0.7317987325956966,0.32448343657801265,0.27795006286489743,0.10094680268470356,-0.011369606653450017,0.2032528916793883,0.03259434661118806,-0.05919852983112659,0.15922959758997374,0.3941722092945722
Maharashtra,Pune,IN-002,-0.001965131612874779,0.9513444091887759,0.7839131737570704,0.4432179074991017,2.34805528828896,0.28444524345539585,0.27255922820963446,0.2570355452068696,0.12438988700083756,0.011230459076353158,1.8623228296269954,0.2466240313329757,0.09700015217230094,-0.0024483378001316125,0.28847795500869616,0.7119605883539851,0.5118509409299031,0.06839928606614237,-0.028732863098589908,0.0912884616363936,0.2196099680227407,0.0017212158972268296,-0.06459804538705764,0.18112056149647154,0.48830557507187816
Maharashtra,Pune,IN-002,-0.00154716826361832,0.9396476453276491,0.7601864718673165,0.4530603768473221,2.029427503392785,0.2750334004352903,0.23645963495566902,0.22039394697779696,0.11305584681101803,0.04241721253950762,2.024456131106365,0.3103048821983348,0.23064475707164292,0.055676265408319825,0.2746670394206735,0.6949206467800262,0.5221124570044402,0.5222027862141174,0.23245760920610758,-0.03792136954419726,0.1780283578756478,0.030418085387057547,-0.019580202930115982,0.014338300219701646,0.37792666583461887
Maharashtra,Pune,IN-002,0.053402196657044675,0.9724386264068301,0.7431564233576542,0.41417847590379003,2.2642199042632893,0.2514122041513946,0.2581116498811598,0.22980000614693305,0.12308031455208845,0.031175837146998744,2.0426893740621326,0.3100910040979689,0.03441137921795088,0.016395917458024458,0.2866865325045921,0.6637866860477113,0.499136684229558,0.3122085507103666,0.28723789911989633,0.08896342595181897,0.1992653569304645,0.032841441034929364,-0.03149168535675852,0.012227608601965782,0.35188128294544724
Gujarat,Ahmedabad,IN-003,0.07109914550558019,1.0703583879306724,0.789315394054752,-0.04809759669397107,1.821247931362619,0.2771485962019016,0.28920500262440413,0.04843323573684945,-0.18099484395567011,0.04584440113501443,1.2601361583030715,0.37204090327202466,0.2088832717670875,0.06185381508565588,0.4394915613092875,-0.21344724983548585,-0.2313385137051629,-0.2214867846441562,-0.06613772215349581,0.044202500904286825,0.29110266848346944,0.05236011544586082,0.17992028255350773,0.1826501815425536,0.46752298942135284
Gujarat,Ahmedabad,IN-003,0.021405719025207638,1.1658809018437448,0.5851962785240834,-0.06346916115706965,1.391778352629151,0.2005633370779235,0.13979792869948135,0.10761929167285578,0.14340593158711468,0.040591145959389154,1.2974568868343057,0.3027271397214557,0.2050602449647205,0.049017127974290024,0.38868723574880537,0.3728276905449722,0.48608820176780154,-0.21477433772561041,-0.07293988876630302,-0.048986726430619604,0.2356879238203519,0.10612269738921408,-0.05234996686571013,0.18199584603338842,0.4623777713864844
Gujarat,Ahmedabad,IN-003,-0.01325281454704642,1.093744057127599,0.38948502576485383,0.10140577870599056,1.8326030306436951,0.25035644969431575,0.277429043125394,-0.003564063651367297,0.11418701685263136,0.03184972918791937,1.5428763977659925,0.28656271159855096,0.20998074830879448,0.02544265451498098,0.3223114278033938,0.6382581563525692,0.47735860205272224,-0.15189498716972094,0.2557131364380571,0.0818378102544335,0.19572956301210034,-0.032499066550679044,-0.05507765050991584,0.11572847009632614,0.019023940831317667
Gujarat,Ahmedabad,IN-003,-0.008446477327755133,1.1120738722162544,0.2902288870347346,0.40735280429705234,1.9316393872962603,0.2666677584564153,0.28586194278396326,-0.019458606841874924,0.11993700427262335,0.03621342627716256,1.4357441833414104,0.3601280737740801,0.17714006536896598,0.04229776054031285,0.2822779799825974,0.5262419751856864,0.18442787643260658,-0.16942468679575584,-0.09958098382958054,-0.010810788598569267,0.2007542201242964,0.0024715346439265163,-0.08433231822418989,0.1907973151484904,0.40531888303758806
Gujarat,Ahmedabad,IN-003,-0.028046116528946632,1.1104092960442997,0.2830057273462981,0.23886489641777625,1.977985702089179,0.22776254173663685,0.24121223723199745,0.1554800473235814,0.11924567682204275,0.024102454482088354,1.5281892073755077,0.2611350999341158,0.14365426735323056,0.05667486623649256,0.2950477539578807,0.5917256745398104,0.5691222445025703,-0.15415557843961808,-0.07431734306199873,-0.1028126984283471,0.18185098256536641,-0.039526948773355025,-0.055620513394561436,0.20527932955724154,0.42395408903757364
Gujarat,Ahmedabad,IN-003,-0.03642921207246307,1.116875317274921,0.20623310167399117,0.27066062313449274,2.0178548373742786,0.2688243303881946,0.2318228014248526,0.19932506715675968,0.12996796045214756,0.009308903741178532,1.5062419955376949,0.2620151411111164,0.14769835915599877,0.02677827431297955,0.27720563534832693,0.6757525862423223,0.558987081122816,-0.18492855613829934,-0.054297111547539224,0.08108454295850538,0.1409110972425567,-0.005662606884719692,-0.05724604919712764,0.17629033113850462,0.4450036782008591
Gujarat,Ahmedabad,IN-003,-0.007546183919508563,1.1377417967458079,0.26249951044551323,0.32815802327695914,2.006458581227106,0.28790785545542813,0.24662619358893817,0.2641643313938823,0.1172442296299672,-0.01798904398587046,1.6498110184900072,0.22512516226730916,0.09707040409977728,0.04555518380410927,0.2743802582769413,0.6692074579536069,0.3496940573444076,-0.1822961333593106,-0.07512510974218943,0.13618719075122518,0.20344550035116588,0.0279016334482853,-0.0398470542116017,0.17415115745451332,0.46077884093971555
Gujarat,Ahmedabad,IN-003,-0.00034846360733696986,1.1301735675562687,0.23078185762101333,0.2847099269626746,1.9781253545985795,0.25956437362352963,0.2531775291318421,0.2249859925517811,0.0915616642582162,0.012746953671455718,1.705418330786587,0.3088588463661275,0.1701823703592547,0.019191399233541063,0.2558100329155874,0.683724704216627,0.5083147001957057,-0.11176838124176043,-0.08215195838689082,0.11709472470605246,0.14484704142148472,-0.0010511448672007643,-0.06552500256346193,0.18674119571548176,0.4258000450800579
Gujarat,Ahmedabad,IN-003,0.004471228224217271,1.1148997105718663,0.2586240693972122,0.539708612785539,1.9266646126462301,0.240561355749887,0.22176753454913478,0.19375467639280108,0.10829554530738074,0.05248155705282031,1.6878128620753954,0.29740717746978,0.2145592981220199,0.04242236132281261,0.2606405037712584,0.613007498907978,0.8754947955360911,-0.1677210019192201,-0.10130761763330802,0.13236437386390534,-0.08489833028453124,0.03254269103377474,-0.060445624103335566,0.037785809038432185,0.37784545857140217
Gujarat,Ahmedabad,IN-003,0.06277281475305002,1.1233049485899385,0.25731419365087077,0.4443549041480774,2.00147898775545,0.28999657210840285,0.22044700527139377,0.243311955479077,0.12021531384787702,0.05580129267758795,1.7538354930185627,0.29744500059652135,0.09130406689097931,0.0611884436517751,0.2804425459293606,0.5711843232570026,0.5295269477002513,-0.1818062205073447,-0.09148127047882182,0.037619465354672116,0.20549625424142787,0.03920576298903352,-0.033287190963029054,0.04463131802807425,0.42032288043474536
Tamil Nadu,Chennai,IN-004,0.03253594410315925,0.7379969862794309,0.403925395421136,-0.13103783724029905,1.2739793140904634,0.23480534614560422,0.1998409450243212,0.21272358063432528,0.15138497951333074,0.04643336049194681,1.2260686309257565,0.316745677101513,-0.02451806948914604,0.027376941136365227,0.21035568551582315,-0.9573120459899186,0.4148742339412303,0.314014224567473,0.12800028713360123,0.05885831596696589,0.032596597602451205,0.054912631553493206,-0.08137221981539143,-0.04158750458256354,0.33583481031869805
Tamil Nadu,Chennai,IN-004,-0.0003476216853671477,0.7122822077475912,0.3775185995933415,0.1557016775962235,1.1687412377870248,0.2509122209945065,0.18385034569947148,0.20596839862696883,0.1622498829974097,0.021643693400658803,1.3067621188645826,0.26749666136041783,0.058445736199626175,0.05531705819044698,0.2373272086532561,-1.0804083394844963,0.40840911822760506,0.6236119191220295,0.3147529096074955,0.06191554819465682,0.13204501664151153,-0.06211721733810265,-0.061440067751286395,-0.03698016681249907,0.24973751344676212
Tamil Nadu,Chennai,IN-004,-0.027486970721994654,0.7335497001731306,0.43245090715845974,0.24389875633993732,1.1005989289795408,0.2279581030846644,0.18306738943714143,0.2251558081016471,0.14750111501846472,0.012683593350153444,1.4596683817434541,0.316803735018347,0.07575160625335053,0.041706213342002876,0.235148380525951,-1.0631795858305577,0.3004537178153785,0.5341943238519702,0.3228981708174113,-0.029445443560883112,0.1377286833666795,0.039078770999303195,-0.06165259198634017,0.14628641546009988,-0.04185123869371673
Tamil Nadu,Chennai,IN-004,-0.02650806921041777,0.769458128039959,0.41280850888064735,0.16351611378702746,1.5490111071075483,0.21888032014173198,0.18553024096562654,0.19950306939854145,0.13719219140135094,-0.00017599770639965573,1.5199022058800922,0.2603356401891094,0.08269520270130097,0.02509039816598881,0.2133149751077319,-0.9903914499464312,0.43986965818402196,0.5123219597006198,0.0674692859266066,0.0188729567970298,-0.011581203110872768,-0.004908478788669441,-0.06190520297854225,-0.04902705862583359,0.2732340105259549
Tamil Nadu,Chennai,IN-004,-0.028581902595539374,0.7454059910199389,0.44296594521245103,0.16314732469699642,1.2183447119512023,0.14913993346052581,0.17929721090398898,0.2170126032159626,0.1967080211977466,-0.00267185163114584,1.4900601897086827,0.29876795230390196,0.16089677321320953,0.0197255419431553,0.18828913853758913,-1.0071988960100966,0.2798122319601981,0.5625736678226428,0.2913440296429424,-0.04275166222878417,0.08293834711353061,0.047047744054053396,-0.06452542033946408,-0.03621552918255523,0.25383478680538824
Tamil Nadu,Chennai,IN-004,-0.0242369952280885,0.6964973585194653,0.4308317182909375,0.4014927858198617,1.5784947270517853,0.12287535855311212,0.18650164200589983,0.23199919462858745,0.13029271112803403,-0.01618808573988699,1.4658051551899074,0.24834391208462298,0.022382741773238055,0.04442629920424634,0.23020638951781083,-1.1273828195431188,0.3248670112878822,0.6635372638216768,0.3241204467762522,0.05618787446229787,0.0563844495084039,0.046479625292713676,-0.05094875093520276,-0.02087941274077978,0.30459537846691204
Tamil Nadu,Chennai,IN-004,0.0018391096999105009,0.7344131611153185,0.26184075819510266,0.35802984030891366,1.4971069809349173,0.17737329667637142,0.1931682866521499,0.21381326370502893,0.18751376669889355,0.04289867727517363,1.432841799729073,0.28025249026624016,0.029292071401080113,0.047206699254159566,0.17655498856977442,-1.027430021826772,0.33803757680824453,0.5823700077721071,0.24545482437198946,0.09962900236601657,0.05506224620831318,0.04090088857601403,-0.010273849761995123,-0.04326822931434384,0.3024773998671658
Tamil Nadu,Chennai,IN-004,0.007818286399526631,0.8031414782245017,0.17468379621745403,0.25634470443481533,1.5299589456173943,0.11293517500406906,0.19144711654586127,0.2261766124799663,0.12212818407946784,0.03822469748407354,1.4929150199188337,0.2740494968929361,-0.04780686160851646,0.05895025188750682,0.1713922944167918,-0.9888649334596448,0.4766869128358714,0.5658449110129758,0.2806520647339615,0.12645906061888654,0.1594293426804832,0.04223478888102184,-0.014606796108829886,-0.029189451720447165,0.31774575881138517
Tamil Nadu,Chennai,IN-004,-0.0004012931997948348,0.7911691510469963,0.08152799424355071,0.34662859354312114,1.6671880508016637,0.10581944142271883,0.18452941020334418,0.22932851369194504,0.1773439059733409,-0.062016371707826076,1.6609257870348242,0.2098964689480289,0.07284219834225995,0.04230602888233363,0.15386530937801804,-0.8200332536261125,0.3396857605640747,0.5929220493945673,0.2912260343743261,0.04575992227847912,0.041208736759727256,0.03177530442296792,0.008532202583377429,-0.038309374821872216,0.27524918050582314
Tamil Nadu,Chennai,IN-004,0.05927622574194587,0.7643965061892133,0.06527727378040402,0.2599845097465595,1.6861516782541763,0.12593633487491457,0.18771919828417125,0.22826284770436506,0.18732867505555767,-0.01656243257877925,1.58154470618953,0.29314658164268015,0.11681076056314844,0.03431474007590458,0.15420782934035268,-0.9152579027429921,0.43973836791014437,0.5931610325530406,0.2906366068758352,0.09087278042567733,0.04528402277255641,0.026792617284740312,-0.0005173934842019456,-0.029260472882865173,0.2702624469399444
Gujarat,Surat,IN-005,0.11275567553648967,0.8601245539100534,0.19540206183057945,0.0385158245384156,1.7425126680187688,0.01659019407950277,0.0035614854380421777,-0.05610466261710048,0.12200982786500672,0.04028317036075328,-0.24440503053965695,-0.7717207622005979,-0.26096293548745075,0.045526843647134475,0.2711112170437086,0.44611158133823986,0.3836521233535708,0.06467326734543577,-0.022139478998105474,0.04133274379511181,0.1253459454567033,0.038127005755641194,0.15167684970356723,0.16020392451432722,0.612586348439392
Gujarat,Surat,IN-005,0.042794937099068765,0.8578284174507362,0.08053530953626821,0.04396600858987324,1.8515279521903933,0.2866666879550669,0.2870514293881637,0.06369515877480142,-0.12794251100904608,0.039137363440576986,-0.15061200720408993,0.24494588953953766,-0.26335637824197244,0.0406259856597569,0.2722631017688558,0.13987645269600815,0.2078631714148059,-0.12221800999524612,-0.07024451275316396,0.1174877566473651,0.21198713850178427,-0.019440248188757593,0.13661911607606855,-0.1552967043882926,0.4950446319118872
Gujarat,Surat,IN-005,-0.005007010338641771,0.8565755189481501,-0.28335557672337436,0.03550337591682063,1.7670683584722626,0.24152345605714862,0.2726881880783089,0.09795379489352682,0.10749861968829087,0.023577058058916273,0.33948513374121814,0.2741069148239079,-0.35657217151043413,0.01760546092326439,0.23671787318740894,0.3730726256290402,0.4216002404411347,-0.011814600093420943,-0.07077337934571984,0.08207636398615199,0.10569571148968468,-0.02509422451247493,-0.10822489537297836,0.18126075968871452,0.2967686157052909
Gujarat,Surat,IN-005,-0.00929136894641693,0.8975650143480304,-0.1508587405402157,0.16828998846067517,1.1319385259597068,0.26419254466941244,-0.2404725418115156,0.0736453229870859,0.12782453243776276,0.033721063203086966,0.36887147500603445,0.22609074687943978,-0.14944334094988193,0.012064821954567057,0.2812125052182219,0.43918059665010273,0.3108538518013591,-0.029950280721973976,-0.07865397607846189,0.1269954976381042,0.1883893372505146,0.000565341981809557,-0.04997398966657429,0.2082996989923898,0.5751219931982894
Gujarat,Surat,IN-005,-0.004338770056538933,0.8021635071827522,-0.39838142479013033,0.2928902057367831,1.6243707290071685,0.21018074438541262,0.2358390952738958,0.2250956922777163,0.09917132487374286,0.013242171361291227,0.43907735336965725,0.2834071615774288,-0.4361181294774195,0.007753452154825871,0.2422637733390538,0.3949231291831217,0.46305143199980553,0.005365252970056954,0.12856810068686858,0.1295470767029922,0.10937699971353922,-0.025178561388068385,-0.07914005020431143,0.19844127266128156,0.25790682847864493
Gujarat,Surat,IN-005,-0.01876406788874418,0.7777499897815939,-0.526718267336631,0.30799340250530244,1.6397243099750733,0.2405821350911134,0.23005644718646562,0.19337312395972706,0.07803380027997647,-0.032108751421076935,1.2588521583888268,0.27303735361725645,-0.667744132304418,0.025795332147320493,0.23108222288446575,0.4215181700871574,0.43184860948381393,0.5347169855086825,0.27986253766596525,-0.11147090219181438,0.15501250115611878,-0.03107069200973103,-0.07548249180122411,0.030763284451871976,0.21057761691746113
Gujarat,Surat,IN-005,-0.03668669219439017,0.7816324828398149,-0.5118169571598233,0.24433808004479088,1.4252814348588694,0.20440691347448578,0.2249826642459342,0.1841277667121956,0.0844698029195811,-0.032677920110207107,1.273477284765851,0.28457586473079083,-0.6412349753225729,0.02527071444721024,0.24682756625746127,0.42482707873560205,0.5047061044753764,0.5059680932529046,0.23026544610605315,0.077982164353811,0.12428967568305582,-0.030337635648162303,-0.0757202368630963,-0.032071937595431324,0.25149910067132647
Gujarat,Surat,IN-005,-0.007934503224962102,0.7937752010669193,-0.5589340236670339,0.27062971858326995,1.5914728812977135,0.22033413088166245,0.2441625722083807,0.21557760685655844,0.09430789000813257,-0.025421920336708734,1.4174851392656127,0.29341586957483357,-0.6508020944387024,0.021424694121692765,0.24754572850792708,0.43111166295964976,0.45115592402540494,0.32489482702611083,0.2255513555367556,-0.17543236797707465,0.11408050023465882,-0.017987038850845297,-0.05720458404750421,-0.011718663904381936,0.23679945598053256
Gujarat,Surat,IN-005,-0.008495457415034265,0.8871512114832538,-0.5390820747685856,0.4121372768074651,1.6331220163320324,0.25825362924753836,0.24286093202510184,0.18542025679129395,0.08762554576619647,0.03696221884548209,1.352466949764732,0.24032604299876692,-0.5674027123231621,0.00821999533762238,0.20250635144969653,0.48226459319269777,0.5402330369217597,0.06408462846404968,-0.026618506823025013,-0.19685975260744387,0.18145239163024657,0.010026049607029268,-0.06256761936874836,0.15232501436294596,0.276914682847453
Gujarat,Surat,IN-005,0.04984241927239604,0.9608701177813096,-0.42669527397997137,0.37427295463083066,1.9253613521726254,0.2508889427492688,0.2363206075610206,0.22244830298497287,0.10485355841193553,0.03573496852924398,1.299566097601537,0.18881940709943384,-0.5763341375567178,0.04358382002456184,0.18092882071378114,0.4089960030540345,0.4762011879246663,0.03084634326143772,-0.041424273027241554,-0.15271206720545538,0.08394393039749727,0.0175922290799442,-0.0118197897658111,-0.08832853776815634,0.2781546085713353
Tamil Nadu,Coimbatore,IN-006,0.0645234404868219,-1.0585195524779594,0.82714867994661,-0.03965509113492175,-0.6068427871189852,0.43084909554598694,0.3985990984512699,-0.22401858892451268,0.16824680673895848,0.04168127627161123,1.2806669216342201,0.5406098627368894,0.18690359680200652,0.0942436755352194,-0.12175152893183488,0.3137273493721319,-0.2573046782087304,0.8233679248759822,0.492198687949009,0.0347743312572574,0.3029093749905304,0.024206055497781907,0.20924613786508314,0.17901673375745158,-0.28145463755951294
Tamil Nadu,Coimbatore,IN-006,0.02917065406390679,-1.0392450126287869,0.8908719314757414,-0.32432943829203886,-0.6962025134299102,0.5068143967000819,0.2267715585540861,0.4423314471137984,0.24020517857910842,0.03424530824666168,1.3293726609930674,0.34600203459172246,0.24310925556663238,0.06956961802745541,-0.26724813516913803,0.2691300557221672,-0.2510006610767708,0.8099641389964236,0.5206969826518307,0.07150794753701137,0.40224416530227924,0.06813088433782452,0.14650995505778572,0.23439380068198876,-0.5891671982715971
Tamil Nadu,Coimbatore,IN-006,-0.022481635718290774,-1.253114079832866,0.720790375176598,-0.06120968643852139,-0.27456096300140054,0.39728721012728063,0.30103201447423683,0.29810548419026406,0.19776905308899148,0.03594738062917156,1.2961690521497984,0.46001668646083066,0.1514465166960043,0.07157752384153261,0.21718432336474888,0.3528852051860671,-0.3071247713034503,0.7996318818282855,0.48756010215929363,0.035971202832513725,0.2444797596274841,0.05124005015949479,0.08092896464154929,0.135454730952681,-0.03435114355497642
Tamil Nadu,Coimbatore,IN-006,-0.023490775890500415,-1.3510839425087129,0.8128834729432998,0.17347055867711994,0.15517970026522176,0.3789658994038073,0.314892302350705,0.07067659572252087,-0.19886356482194414,0.04023646206817233,1.2902933482390566,0.32099073649385573,-0.026677619033786203,0.029220825310715574,0.3032545362674024,0.35314783720055964,-0.29535787736095975,0.7531056018812815,0.4534495212728935,0.1026233856667924,0.3146566487715262,-0.023429977162213247,-0.09507219683058678,0.21498354582568388,0.4430538465984512
Tamil Nadu,Coimbatore,IN-006,-0.024932193458243643,-1.3657409631089397,0.7541202452055005,0.018277387123535698,-0.34593880225417617,0.4301862923060486,0.29529336409550755,0.13910901878794596,0.1596544535327295,-0.01638298841370241,1.4171643136580798,0.3006669535682535,0.047599161579945495,0.05799728770202276,0.3367844175187435,0.3780193328681897,0.08687190382783876,0.7396374149829671,0.42495670475691316,0.11085869851793684,0.27129903218641016,-0.04914911388027227,-0.08439542588481165,0.16746642319300553,0.43712449956747684
Tamil Nadu,Coimbatore,IN-006,-0.0333486805945966,-1.1396615125763825,0.799572359589198,0.0571170989667293,-0.23882154875454595,0.3557511591432644,0.3607797828931032,-0.2340755403215448,0.036387633979584645,0.030930667490030348,1.345680513227548,0.28562307756728544,0.1400433882791609,0.0582006058235619,0.30705898235397744,0.33759026106270207,-0.22469294282424615,0.8341028809318918,0.5983061558557834,0.01607355717503353,0.22846770900957708,0.04113095791350784,-0.07212059661219729,0.23973754378361228,0.4038340812901059
Tamil Nadu,Coimbatore,IN-006,-0.012340618410702128,-1.156958992215466,0.6341978470131582,-0.09705385841556331,-0.2160594337230549,0.3941619792025643,0.2698882275004724,0.2370267262365142,0.14409566015771014,-0.02355171635126279,1.4766856435074398,0.378994784103417,0.06156901397523749,0.0005100213401214718,0.33532521442148117,0.3315499103233444,0.051590965974728835,0.7592874595870193,0.43478273308598603,0.08573172408427625,0.21206601433465952,0.044288372605805475,-0.06544591112791766,0.02115398475744347,0.4386961606981097
Tamil Nadu,Coimbatore,IN-006,0.003198536112112916,-1.168638194304553,0.6852714596046502,0.01517516168422018,-0.2826763768571154,0.3806472862298802,0.260125113376228,0.24494718326461695,0.14500874333804162,0.022983709563857764,1.517713665485019,0.3575077201633872,0.14759732694802077,0.06451928142024087,0.31136653969531575,0.37123473350362424,-0.17690770335206976,0.8291514370500015,0.3953762971695881,0.07579982472931722,0.2872329688965344,0.03833687674982423,-0.04244150233594217,0.1084550559442876,0.3788710327493487
Tamil Nadu,Coimbatore,IN-006,0.0027740360424885,-1.1537259481971665,0.6414392395330306,0.06400927855855583,0.3753594334090342,0.33991685344212624,0.25384744090098643,0.25048439171021397,0.11472621837571263,-0.006316310281696471,1.5170897396911909,0.3748041647933447,0.1599770205968221,0.030491413629868597,0.3189900320821582,0.24265203573562927,-0.06739886287247651,0.809078030520215,0.4576557290353081,0.040098519797181736,0.16090566197210338,0.034320967942811,-0.07588831400319081,0.0038487590783600344,0.3880812684229519
Tamil Nadu,Coimbatore,IN-006,0.04734665848435937,-1.13910406700506,0.7063983328358648,0.023603272894050793,-0.359632595541492,0.38066218957789416,0.24936936672487725,0.2780928147516058,0.1546648371731661,0.013762336351661976,1.539340596640322,0.31116684317150356,0.13495432629722945,0.0417065089888736,0.26406332002501676,0.3317587960143323,0.07656852316027447,0.819044521249691,0.5233981996123532,0.03703793819815497,0.20741112037047213,0.04169777761455486,-0.049930589661431185,-0.024340996360990762,0.3842687235366475
Gujarat,Vadodara,IN-007,0.06949156272436006,0.11655537169451352,0.7910803675334918,-0.2515439718496172,-1.0706869294793662,0.5156614313823398,0.12317732552430034,0.27063473867016874,0.1990618390443897,0.04887420441803439,-0.04970858798473007,0.34135312345117136,0.27879919448308293,0.19489589391900491,0.29517845635383366,0.00017121229465737122,-0.2102817226404161,-0.20124170798608698,-0.11022545097088338,0.1249433972255931,0.29408580644224586,0.09294659410110952,0.16545450426655614,0.27936129546070393,0.5519916120491586
Gujarat,Vadodara,IN-007,0.05304131179696749,0.1676691571242971,0.7539041392396116,-0.0353184490316584,-0.5521950986904633,0.3939307920420684,0.3740079388097231,0.3216472597894166,0.021058394910028252,0.037302212691124784,0.3889476179234472,0.370166953716216,0.2684818840788104,0.13652240680726505,-0.0932386035839479,-0.2960983418306185,-0.21952982359491305,-0.2818724231168233,-0.1095347307829811,0.11876271136725561,0.2911685707336807,0.09901260783240706,0.17766710717777204,-0.1291233494491494,0.5243524764910118
Gujarat,Vadodara,IN-007,-0.008443536807926894,0.17322538702142787,0.7447377204290822,-0.1105639046694835,-0.2986369006735739,0.4081517621171708,0.3047291481759685,0.30694624837640433,0.16205218095420623,0.02694007783842181,0.7626177920421056,0.3693397056437732,-0.0032697693647666445,0.052456388456242495,0.27530628145798286,0.35368363972762706,-0.28325611964109315,-0.31293711329118,-0.11311092683984585,-0.008567782141081719,0.2341549871177436,-0.009202471504937054,0.14773722319825247,0.16768804254690176,0.5012347605633074
Gujarat,Vadodara,IN-007,-0.007889277705253663,0.23839976890681602,0.7067134402100139,0.13270727123437248,-0.7809819307638833,0.4645796951959643,0.31106815466911736,0.0688427295848029,0.16694234070913885,0.0360091142408012,1.0312597970171176,0.2830826514345923,0.08587633542322173,0.026853748463803544,0.3188718058218074,0.4033453114568544,0.34384148582907703,-0.28197564983287216,-0.1252958669358978,0.06986963231862274,0.24943134651370596,-0.01869872981709234,-0.10996095345511124,0.19299412140049008,0.4019803155866022
Gujarat,Vadodara,IN-007,-0.009271933780315164,0.306310341543147,0.6851792322661193,-0.08769148455266486,-0.23349634586857082,0.3836923892950278,0.28053631134456053,0.04541008957400605,0.12184574164544032,0.011744078266772286,0.8988142835609512,0.33489247275923284,0.19428360478242837,0.09585282867688734,0.35867679421011717,0.45810007321296786,-0.059570880597456764,-0.2819977061320473,-0.1250340374094294,0.046563559228725244,0.14742433549254408,-0.004290396425308513,-0.0588263304534968,0.21320607031266908,0.3565274840179482
Gujarat,Vadodara,IN-007,-0.017146792682145882,0.3306722741297486,0.7118302688793606,-0.06534042449231399,-0.3286008565220421,0.3563860608459614,0.25478483939547597,0.3224751860710185,0.12747405030905873,-0.0010912554523977759,0.7543058918545348,0.3039688957577972,0.15479711224159587,0.04406871790359714,0.392814230457004,0.39042993452659897,-0.27602022859356234,-0.265443118342398,-0.1402804836437543,-0.008493741148290393,0.1830237307681218,0.039538632432317665,-0.061379007762518194,0.21591036624753093,0.4190025835765265
Gujarat,Vadodara,IN-007,0.001012384382714457,0.25500242927685196,0.6055212026648672,0.03831113673521441,-0.28606117169782996,0.39199447774265245,0.3007059168660677,0.22567546581607564,0.1363684785560191,0.03626277585650714,1.142994803837804,0.37584108166692703,0.06950984511608081,0.018533997549442495,0.30992658295219355,0.5092553428740488,0.02890398425117162,-0.2968077108917718,-0.1406315908153966,0.002331277479353598,0.2314060080188668,0.008560231759935009,-0.0583920707010558,0.12802610032149309,0.4384580704418
Gujarat,Vadodara,IN-007,0.005538761050653475,0.39188398555940074,0.5909661113502095,0.05754247214238574,-0.4292567490950269,0.3206989765381106,0.2273070181603896,0.2412183564819124,0.1313519347438153,0.03013726695123444,1.2027668059430072,0.32107336940454223,0.1522741856940509,0.06243780556733538,0.3331362017041091,0.5157740068833508,0.44416745870902286,-0.34836721010672783,-0.10827296937340027,0.01707125797029714,0.1396735833765894,0.05067391464122876,-0.046564528576085555,0.18571602894473233,0.3358667193651163
Gujarat,Vadodara,IN-007,0.0017648657748046955,0.38174702487846407,0.5287304328533207,0.20839683879262946,-0.3378615126493865,0.3393411766578685,0.2879484660580094,0.23167774792037923,0.13111062111484076,0.035640468887778,1.1815992044668038,0.34158587417650027,0.22175429975325298,0.030318125776342762,0.32398057062409896,0.4090855396369778,0.20788743031389578,-0.2643042136953372,-0.13796292674562427,0.025823864524765008,0.16620250475347378,0.057373231701244115,-0.07258181364876741,0.20923424469574262,0.4076482788298586
Gujarat,Vadodara,IN-007,0.05597394170310351,0.37931531454900314,0.28927093927341085,0.1787782030651993,-0.3685098399692934,0.3746678426848364,0.28983054074814274,0.2414363662056908,0.1207503900712472,0.03484413891266661,1.2899519704928861,0.3547535310229368,0.16669444601801425,0.016750062780819475,0.29905380224722705,0.5876913870319199,0.18790776190556868,-0.2712578268926092,-0.09921116302782529,0.01836415280015569,0.2388804100568108,0.04301032844031348,-0.02490372415296384,-0.010787817958982428,0.34927650087771905
Madhya Pradesh,Indore,IN-008,-0.001919341026309529,0.3109484716489952,0.27658562865590675,-0.2548226244718424,-0.23315635721504707,0.32598873794164573,0.10864535026363145,0.29495459239065946,0.03053005828812891,-7.213885078801108e-05,-0.29094747317541503,0.26527131623522293,0.07735741141985432,0.10155368961877143,0.07439658703700497,0.35976721912668286,-0.22138808170738808,-0.18721504128248823,-0.09275807284520539,-0.1152897701868902,0.16472476500096928,0.05404267385973583,0.1452553655674298,0.09986326998273867,0.39985102092105274
Madhya Pradesh,Indore,IN-008,-0.002040915488615695,0.3605570518689136,0.4400878147108484,-0.22383911397579812,-0.6634203691949757,0.28802921030597517,0.18514061543048999,0.30424937917296446,-0.1641953165426223,0.023591438338633527,-0.11845123244314225,0.20191875506566942,0.12862296969988715,0.035181838974256974,0.23441040073419378,0.4696642774080133,-0.16590808947142036,-0.09645592917465809,0.13678631003453973,0.012202932268025643,0.18714157555974553,0.040319847667469336,0.10039394334371034,0.10520619092629474,0.418450191799556
Madhya Pradesh,Indore,IN-008,-0.02760682978704755,0.3549771821236746,0.5089758693733845,-0.29252748922369687,-0.36597955003578103,0.31966097294442236,0.11580406387651278,0.18289281238841432,0.03599976063052346,0.01621104966145194,0.1973056535463801,0.34751833374126423,0.19224150054199046,0.08200504212644145,0.27281631552553703,0.1770181671427284,-0.2143948327147777,-0.27837074350915797,-0.1322246881847424,-0.041016618448441886,0.13745538341840713,0.04506421958552053,0.2664790712464264,0.12664844153795288,0.5689042116084987
Madhya Pradesh,Indore,IN-008,-0.024567721513399362,0.32555944158180006,0.5345810296430583,-0.1113453521615198,-0.016474516862282705,0.28976435573069376,0.24952765649094935,0.22855570334352868,-0.11501233617387192,0.018076422518230873,0.09722820174460817,0.25502709316852423,0.1649008719628708,0.005757944903356742,0.1290873663714559,0.22952083120556155,-0.24271269875152293,-0.08045201915454175,-0.0586287174540709,0.03678213338948435,0.1594168524850128,0.048123316325754346,0.37492966323404575,0.026369658505404788,0.44225186218936424
Madhya Pradesh,Indore,IN-008,-0.013642283523759562,0.29783648990009787,0.5700285581931238,-0.23845436615935187,-0.020510646319169823,0.28155085097740057,0.27359428762032767,0.09561292931972977,0.11949469937165078,0.019707711549640516,0.5811467524646261,0.206251724219295,0.15063322481053193,0.0033381015351838365,0.2724539217396348,0.12003643553261525,0.17192593285682453,-0.21391024953545254,-0.12097033543083684,-0.005593714400995954,0.14629080307451386,0.04896290060375979,0.24938704877022727,0.16523568517057208,0.42908682824541344
Madhya Pradesh,Indore,IN-008,-0.021542112515476917,0.27933903776233093,0.5426355985618498,0.2234116399120069,-0.4458831173906356,0.28269887074876854,0.2658140916729647,0.229136331199539,0.08541907641954438,-0.008582760949891206,0.6327903855964935,0.3296943649390345,0.17478221845633948,0.014723966556493375,0.22317362711642608,0.11129948107746622,-0.22982111433240093,-0.01648989620096667,0.18210163592918743,0.02578360274786651,0.1956734497799549,0.03889257715867222,0.3822341414034308,0.13178390000651555,0.5264359252859253
Madhya Pradesh,Indore,IN-008,-0.009355743375888903,0.31018513349165244,0.5751317217501002,-0.05653015593973002,0.2136608035227807,0.273528727802645,0.2138434537246153,0.2816634239277978,0.1336621051528154,-0.01962767853947346,0.6531121677651126,0.21119047352547254,0.1338552174768037,0.015427034138633083,0.2371955274239506,0.15255530433323575,-0.26275320073320224,-0.061396053251576814,0.10499826434951927,-0.016791027228140385,0.1690132944427081,0.03884668960008285,0.8423931359856511,0.0892358280140431,0.41094670010282464
Madhya Pradesh,Indore,IN-008,-0.0019745898120229564,0.3281359332818408,0.586436384799609,0.21962693746886788,-0.2374302265853505,0.30965567437049074,0.14711805712515774,0.22455962396866117,0.1528040199293348,-0.0026796387249370546,0.7897957117241801,0.24865198401223082,0.16338858334588982,0.07836835723264793,0.23078654342434896,-0.1500577543738168,0.38642504401533556,-0.06324664434630992,-0.1163332794649552,-0.008408294356261274,0.03790063839392274,0.05199279683675933,0.6619653309846848,0.14380560620137528,0.5515813213078207
Madhya Pradesh,Indore,IN-008,0.004520012948457403,0.3205133025678333,0.5885218892560177,0.15716279330676064,-0.27886914658822237,0.309879791681385,0.2645440729837548,0.15483328473257385,0.16138131338722123,0.0591786076136342,0.7825138045358188,0.25091003376841015,0.20211594586683623,0.08892967054175813,0.20605562204834763,-0.129113876595718,0.35352678292821216,-0.0440466337882684,-0.13864514886159504,-0.023724896229810437,0.13089089022282888,0.06210500379605515,0.8810272648816911,0.08497376405909257,0.5310447046037087
Madhya Pradesh,Indore,IN-008,0.043943399317055896,0.38653017088615177,0.6486502877421229,0.30349932590923634,0.8146682798317721,0.2697820854027391,0.23802996271807766,0.25935316982848183,0.1348017047053955,0.02026092844163077,1.1429199444334548,0.20195652486608937,0.18154502972910197,0.0070524670223265475,0.18621859031213514,-0.18565385763234565,-0.3127152581148066,0.018896565545574024,0.1144317893185448,0.013657421167882409,0.14369733611409533,0.05447516523879144,0.8286812008352339,-0.06600861051175798,0.44258358666369896
Maharashtra,Mumbai,IN-009,0.025228236903548366,0.6140125820824474,-0.328700701877475,0.0021708558038154315,1.108160693755151,0.18004802523088723,0.19900252297433543,0.15926105865903536,0.0962993822045863,0.03293078195892818,0.6090774955171385,0.28567627828861647,0.07826798294116338,-0.02213517306259695,0.15996869187068624,-0.733083281091323,0.18621438110988275,0.017414751314521578,0.12585019030414168,-0.008627917650606807,0.0256295362678971,-0.03964338454719734,-0.09425070628841038,-0.025256319074119345,0.09209493481822223
Maharashtra,Mumbai,IN-009,0.0038220792867034352,0.6721791076589593,-0.3536300704245869,-0.004789911207304651,1.1200310650554777,0.2316715263087468,0.21885399061170185,0.19681045660238014,0.1670960862620335,0.023059302854709425,0.9207528380310452,0.21922303104263857,0.05959881601542688,0.0391826227837843,0.1882867774745325,-1.18500341042962,0.36472579480847084,-0.044227822204403744,-0.1382457170714607,-0.007198427628959896,0.0086967629738859,-0.013552079684807289,-0.05864799364157133,0.10247668575076144,0.2910806054997867
Maharashtra,Mumbai,IN-009,-0.020513318838566892,0.6438773474541225,-0.3014668924052489,0.0005454043993219903,1.3895237044510782,0.1882865956300777,0.17953110302219638,0.20171762801530613,0.13633382207305272,0.01477315343377592,0.9635679781289367,0.26493706645518966,0.10753304523843242,0.06367519509465829,0.17303516958171886,-1.103760016595936,0.3483385888412625,-0.14641399294191293,0.015920244522037313,0.05289923502206411,0.04503448533969379,-0.007845845905350597,-0.050549777393567204,-0.0900502417921096,-0.05704360857122316
Maharashtra,Mumbai,IN-009,-0.024362282967277674,0.6742435332923753,-0.3430363019115737,0.13516658911511986,1.0688958715385823,0.17830490842896096,0.1802291740268564,0.1856158322046016,0.12891414536142193,0.009434581450611452,1.001223615601431,0.22029172521116058,0.10681061380542423,0.03340054782839479,0.16810891355134003,-1.0557240567016388,0.4180301637252452,-0.010529939332147123,-0.10607246248855713,-0.009068055734146796,0.04211429946689463,0.022175798912099077,-0.05599998938093285,-0.09163386755133687,0.2564033748188096
Maharashtra,Mumbai,IN-009,-0.022961336354478425,0.6372744910469742,-0.30461683057409894,0.13553569222754488,1.3373292122023175,0.16660466062067397,0.1810531230188345,0.18588364341710495,0.11833752058402178,-0.013641451603785375,1.0364977065989551,0.18999607670463983,0.11022605284037201,0.03107273769032943,0.18992238934879266,-0.9014109016854868,0.22647623387144578,0.054063779795091464,0.22388548440504885,-0.012020972255166979,-0.01622842967315788,-0.0268820597962552,-0.05886454638805018,-0.06265038850674792,0.25780125486238775
Maharashtra,Mumbai,IN-009,-0.02717493247860562,0.651145447045836,-0.36075530949863704,0.2865604638717895,1.2628369776335615,0.14259121911278602,0.18084311673197515,0.16873318028834483,0.11146018517843757,-0.02255584267722741,1.1079100676387754,0.26543464407603856,0.048176628155590026,0.03653914749643273,0.19811998817922458,-1.0992113419286837,0.3860727483415149,0.4557857569096409,0.23608746226041832,0.0035013056557628903,-0.009125380366933434,0.026170248025591644,-0.05406919971164436,-0.062361077611006746,0.25883540829974466
Maharashtra,Mumbai,IN-009,0.0018337383096250614,0.6205949990814379,-0.35546309677790533,0.3149788627099724,0.8142897149469391,0.12737484547544498,0.18620641623364198,0.19155747116697236,0.1760100782511835,0.0234979741670875,1.0496309231095777,0.24010233858364047,0.11699568191064279,0.04366151963111077,0.12281262829049058,-0.7248708019015296,0.41324797339724567,0.09172079803210147,0.1754467741797469,0.0028919044224079223,0.020565332631614565,0.013026026437013265,0.020284168641619058,-0.06168510616824182,0.2494812397707423
Maharashtra,Mumbai,IN-009,0.0013113102410302103,0.6831425882188293,-0.35596562062235076,0.236198440930851,1.5163040906667355,0.11619428420212753,0.19834344216383473,0.19161298426123638,0.11047283517359163,0.02825012589613924,1.163248352309394,0.23790302569106217,0.06675699933522258,0.024050969955866933,0.15632027662877648,-1.1140197261210436,0.42133567011854456,0.24448160905317703,0.15718911737579677,0.08289790037709778,-0.01012652379916286,0.016764013960114774,-0.01878177832331453,-0.051818244468380986,0.2867032938021095
Maharashtra,Mumbai,IN-009,0.008028849101817068,0.6179035006198732,-0.25391420701892725,0.3875849171581126,1.3012219647083734,0.09523198941429019,0.18898434951562473,0.19786592023314864,0.08031433373266733,0.027345834699976024,1.2187351978778194,0.23112501257221071,0.09776027942081994,0.018547399011314233,0.15588619058476977,-0.9211647787818689,0.3814719179569631,0.15200702114214426,0.21088391161626635,0.00981913780901197,0.002188767247972539,0.017624337679055573,-0.02665827066148211,-0.054255469584170574,0.27672658723065485
Maharashtra,Mumbai,IN-009,0.06277439420846552,0.6295082648289201,-0.29535554273011705,0.4333522349363984,1.370496409841889,0.1223178578412134,0.18982526663699464,0.19171428543750405,0.17270391204337193,0.0051812630719452486,1.210493967978695,0.11277972234451607,0.12023370722922827,0.021325127444571473,0.13070235159907692,-0.9213804819241449,0.4005198046098468,0.0798999418608658,0.1471983972764855,-0.05221199148804186,0.009861391450631848,0.008239195715335717,0.02966233796148384,-0.058981409427556905,0.28841476618537487
Delhi,Delhi,IN-010,0.05024072990246126,0.44649645502151336,0.4639198330007469,-0.04088450289113406,0.7521932117076658,0.27079882347642525,0.1695469624814502,0.1468156329665796,0.11316331575023085,0.032753362737021625,-1.4655915486413178,0.29097479616747407,-0.2497561992387001,0.07305589035512354,0.1778886948471008,0.20415652696986233,0.20836056918551185,-0.08367188364875934,-0.2096855644348277,-0.002030009737613839,0.1958683504190947,0.08378814194417951,0.1393809865303559,0.12420022554096313,0.4206484010312831
Delhi,Delhi,IN-010,0.013085249671241441,0.5391914975190029,0.4610254635733802,0.06842267622252704,1.003320876057788,0.10971347401028132,-0.017936242388660397,0.20397858129293486,-0.12244160171248587,0.02894126164614119,-1.3097317905543322,0.2911673187840737,-0.19321383779737558,0.0400421182551586,0.23690173710529874,0.29183548391596587,0.21573810940203225,-0.13584033243127194,-0.28997218653932466,-0.028610333684559567,0.10867636736222634,0.06050167549552655,0.02444755693105255,0.13836678947006772,0.47163694631254527
Delhi,Delhi,IN-010,-0.011118744816823838,0.5303689969751437,0.4236989974384719,-0.055653670579706827,0.854029598030329,0.23932800813480504,0.219444658037494,0.14212459781054126,0.017862973223002492,0.04083489938046524,-1.336660782553206,0.30082176584571524,-0.26371354049417206,0.0273600540180185,0.25763805058513606,0.2948901114455769,0.38594103867389923,-0.25518625692745933,-0.23717559447244335,-0.020356619749448846,0.14715553232306508,0.08449024449442899,-0.06017465141702187,0.135272149411325,0.3805251279023941
Delhi,Delhi,IN-010,-0.013147877658396232,0.614900022297272,0.4206762379300748,0.1731061304298635,1.0816175619484414,0.2340617277686,0.20721854230343523,0.12538696918326817,0.012179315396975395,0.03430075110780617,-1.0124291280334323,0.25137979495249824,-0.2219873875216748,0.026850266830413395,0.21679582281371224,0.26373444363587467,0.40422831286592975,-0.33729355752921447,-0.32989654274185615,-0.0715608419404487,0.10722789352511328,-0.047838571742730596,-0.06612866486303265,0.1733144596496127,0.39132852953837177
Delhi,Delhi,IN-010,-0.013834764839572702,0.6384783533109673,0.20266703183229726,0.16985718656374355,1.1477744578291276,0.2326422910436707,0.19155542309380066,0.10961370020684941,0.07927067364569076,0.014462829628881596,-0.5656041006247468,0.3013465973600412,-0.26128457228674973,0.015463534660285305,0.22867424582456977,0.2973753975360016,0.43451341472831534,-0.3857944138681449,-0.3180664945215226,-0.051117908461388466,0.12306734463862466,-0.047051453041389774,-0.060857189394595154,0.018702599240061277,0.35526298832293113
Delhi,Delhi,IN-010,-0.009678655083215703,0.6765712868358921,0.12076230958785901,0.1937981650185929,1.1454142524691069,0.24971234694853325,0.18252197624625638,0.11031641921244482,0.08976523656627476,-0.013073113720864653,-0.4724294826427941,0.27542079067546493,-0.26741657221729953,0.05983820502130994,0.23430436279314848,0.2333107520960922,0.3724309903481098,-0.4363575290541744,-0.38560459603064334,-0.07122260029987158,0.12803614555763188,-0.0021381580854713004,-0.05964694922028733,0.160975570350955,0.3807729049864955
Delhi,Delhi,IN-010,-0.020997839311995573,0.7046071838133119,0.014038714714743621,0.20220393627121783,1.2288166815760801,0.21098831943471286,0.21269279795953838,0.1407401468660299,0.07609700054460536,-0.02117560578281417,0.01686516025822001,0.2688044049577367,-0.2584158696268671,0.0038465150973969863,0.2426129942266625,0.21155874696235102,0.3816071268958461,-0.48497554860586256,-0.3914181083599966,-0.09308795101768573,0.0894125766833012,-0.04866211126308447,-0.06147432057511996,0.14965353098096013,0.360208836595347
Delhi,Delhi,IN-010,-0.0035990414299257594,0.669144316780484,0.011280423443556287,0.3386136355030979,1.154850412172564,0.2558505656083849,0.19110940301540502,0.12363270282336344,0.09946730674694589,0.013896981931794014,-0.2305002793505674,0.2840464711403765,-0.25050256102361457,0.06221573036919781,0.24782289325555573,0.0847036119172072,0.4231270098078791,-0.38283143219822985,-0.32833119172655034,-0.07667568236384083,0.12954329661059616,-0.030203253681740157,-0.06278133043540156,0.1130448715100165,0.33640112858373167
Delhi,Delhi,IN-010,-0.01611350708620286,0.7038487543619616,-0.010582355708841596,0.38277389492705516,1.2919465207103074,0.2501911152472755,0.20938395238820182,0.1381203960524611,0.07581453197861428,0.0240632347722266,-0.0031486178859240414,0.17654728097294695,-0.295171642748276,0.05295895318236477,0.2404941436515483,0.27619201018336365,0.4315137505876137,-0.45708229850263954,-0.3477530887349461,-0.09732380550556843,0.1566684082746271,-0.008502843012019269,-0.057941305750395425,-0.06229952284296425,0.3638891380619607
Delhi,Delhi,IN-010,0.026929871049214626,0.7240638182250326,0.011292403508032327,0.3840792942865997,1.2360233421706204,0.22692739910684148,0.19624273237378126,0.15821471611065874,0.0781823021838867,0.028820358863322983,0.4744090399130446,0.27204533062635233,-0.25858488165188825,0.05778410863698336,0.17315974583396826,0.19604726156219418,0.3344309045419207,-0.5329426018227018,-0.38341289911279647,-0.11345765355479656,-0.04395967994806437,-0.004069439997939941,-0.04429095687248571,-0.07660500781945456,0.3358570433118931
Punjab,Ludhiana,IN-011,0.05084126164082003,0.06454997892921459,0.7136704374339105,-0.2828603127024804,-0.7624346435627076,0.44783000340704787,0.17071897237254932,-0.09633022088126661,0.1357873167369621,0.03985736576435651,-0.5743073276216513,0.42183779280754574,0.2347437221841495,0.05143392036105856,0.200830750066502,0.1534362618012075,-0.3142273470614619,0.180768080750339,0.048939227576490836,-0.010703803287945577,0.20370391431309035,0.057797890442176876,0.1631146997688721,-0.01660147798607608,0.4311301522475012
Punjab,Ludhiana,IN-011,-0.015997853516211066,0.06665184537101768,0.6395063513437655,-0.24711001490299514,0.1645522265127281,0.43995482999084345,0.19066691152364118,-0.09568367800858565,0.012495635983194798,0.04505074377100044,-0.5430749734290942,0.24331339389376921,0.10383791901095993,0.03204517933989541,0.31968278185378973,-0.02950332245660274,0.051986226117234885,0.2386891537436671,-0.059088312136891925,0.07505608391829344,0.21284835427314633,-0.034714610666003363,0.07786751266016469,-0.03665863192019661,0.1693525561389166
Punjab,Ludhiana,IN-011,-0.017786719933094094,0.02826965533701553,0.6885601684565578,-0.04273892225745315,0.0515422137167303,0.4220921358255395,0.32065500196671043,-0.07145227685673457,0.11164897361380356,0.03606880018999828,-0.7832639031362989,0.3505496173067635,0.14066721752842332,0.050353832147865527,0.2529983518346536,0.07821311204860641,-0.25078698941523475,0.16586619423769877,-0.006139194408839785,0.0758686012089002,-0.11144356060268044,-0.035086597366189,-0.11290794255928178,0.1754325517952434,0.39368303371278335
Punjab,Ludhiana,IN-011,-0.019066724943444358,0.040760814163591876,0.5264815041054494,-0.023985797634585897,0.3355903692738669,0.33870491945192527,0.08025455612984111,0.2864760328738312,0.09589368379063112,0.02779541340329023,-0.8861919534757025,0.3184215218631048,0.11865150252858206,0.006690929012531051,0.2785583778818164,0.17848367894827424,-0.08929064627584563,0.1150000288058015,-0.15216333364786194,0.08100937697793371,0.16062891760622938,0.04827330633378955,-0.07636264594911402,0.13405205927676286,0.38472137749656904
Punjab,Ludhiana,IN-011,-0.0192687342741437,0.12192308307778747,0.5348366625112699,0.06073458668297005,0.0569722626466971,0.38791485769312617,0.21160663110614905,0.2277595531629617,0.10068501445953494,0.025281035304642967,-0.6964214408551842,0.2631202579175904,0.19023990596682308,0.047149533201192466,0.2795163950729956,0.1631644589400042,-0.2145542169456684,0.10933098298885599,-0.09410704189025099,0.06167254794543455,0.1768514047303177,0.0915555713351936,-0.06545174212357169,-0.08406579992164191,0.4559538406977624
Punjab,Ludhiana,IN-011,-0.0027066135417782296,0.20443214555681705,0.5356651185556612,-0.049443462670100836,-0.25351951052648136,0.3753338612148219,0.231040038485687,0.1835089458444044,0.089919785955978,-0.017423425570774486,-0.48425236249759734,0.35048764364927326,0.1390062396113157,0.07391409047131034,0.31716209924684763,0.09823891880480382,0.03931232640448645,0.04532210544415103,-0.0033240351546991683,0.08327895673002458,0.19705883360073106,-0.004403077991992808,-0.04964697726488133,-0.018856605144560994,0.4268793271430178
Punjab,Ludhiana,IN-011,0.0003507518596181845,0.16745359052482275,0.4937290953166544,0.049878154109139115,0.1539763044913689,0.39269127977763746,0.24240642379453042,0.19875685908991111,0.09644435625710415,-0.023691582449493608,-0.05178454479691844,0.36791287667696276,0.03703312987863929,0.015690421799138054,0.2780520678650924,-0.12306506273186837,-0.2581189081060569,0.04213788423067735,-0.07912831303055977,0.03338092415540794,0.17079095329244012,-0.010361658387694204,-0.06382297521171056,0.1473296125148809,0.3722069898797436
Punjab,Ludhiana,IN-011,-0.009419947523734373,0.24647999683705285,0.5471701550424696,0.05035760369847084,-0.23854052838810708,0.34818622138656036,0.23785686006852688,0.2402001803222382,0.09015809558849636,0.012588437120499054,-0.1312249902764188,0.2968338679140227,0.13944522208242988,0.07003278821596455,0.2885188575088377,0.17504312842736405,-0.13511148932751113,-0.09553576801063263,-0.039544153773859794,-0.038680091290299465,0.18262108484852246,-0.013263675308541641,-0.04205804561584909,0.15728286194161953,0.4079424922101634
Punjab,Ludhiana,IN-011,-0.002697847168892506,0.36551941309406366,0.5186910309644758,0.08770787642072658,0.14933450526511075,0.3262071795086607,0.17290030483049842,0.20781638669423433,0.07609135537030978,0.04330336751179896,-0.21188171667798517,0.22952185643465045,0.08082436754473657,0.05835478581356242,0.23097541227021226,0.13021005898582855,0.2517744579993333,-0.06580037325589887,-0.08331679146646762,-0.01515693537520512,0.02081236256776657,0.004444334351078293,-0.06365180116829118,-0.06063600142558431,0.454869278574562
Punjab,Ludhiana,IN-011,0.02494296232122273,0.3438159030367184,0.48941797474152354,0.2555985182833241,-0.21559910178512573,0.39067934574502466,0.22443350017528804,0.1637820862462782,0.08553770103138278,0.02129981950872567,0.2531709477170225,0.24095255579814934,0.15705535032658718,0.06479644518661838,0.23309428360824308,0.1485117655465627,-0.04994268156187399,-0.09691676560694103,-0.11873604041617657,-0.03636985879948018,0.16141764043845372,0.01463312801423266,-0.04968978675953747,0.019841871461306962,0.3856810210451009
Andhra Pradesh,Visakhapatnam,IN-012,-0.010046503365236525,0.13051863408394987,-1.2995794283482476,-0.25060656834682254,0.24094612976729313,0.13959953958949387,0.3292897970502111,0.26885062303169927,0.2268749006484046,-0.03147401038903909,0.2600068800926084,0.41096991216577367,0.10721657258820506,-0.011058887067616294,-0.1407963904689792,1.3760520972957866,-0.15453485908335843,-0.14542285176576084,0.08111740610085974,-0.12570583809072017,0.1780994021434053,0.009177070412441908,-0.07564936761353148,-0.04283169272838342,-0.46682630320614715
Andhra Pradesh,Visakhapatnam,IN-012,-0.01503165347808769,0.1193004143916288,-1.3968748753188498,-0.11874982627931163,-0.6444097320079447,0.4059089833783221,0.23675098435857755,0.29858603046665794,0.2156904067906119,-0.028438563742292918,0.2797568727116108,0.4205824412141488,0.08599193675874518,-0.0005239120948010194,-0.2208554074690626,1.3947660246408597,-0.2265578302270869,-0.04072220800218211,0.06987613168333018,-0.04469116721633932,0.221302683978117,-0.011882248310122173,-0.020259585386404117,0.1276620427159485,0.1751674493789579
Andhra Pradesh,Visakhapatnam,IN-012,-0.027533371334534776,0.13983550123502467,-1.013799584237139,-0.06150194673374259,0.008326584956586489,0.31402428067010246,0.17485650239455283,0.31332012886990007,0.17396566670817779,-0.03203082823758908,-0.05335460891771737,0.4178239312763101,0.029135490889060103,0.051001040403514546,-0.22109299543145972,1.1381175490274926,0.22098289085191342,-0.1462088163630314,-0.08246726603053404,0.006522837284562513,0.1308036676372805,-0.015418820179377197,-0.1419328826626159,0.052931280743758836,0.3725546224544663
Andhra Pradesh,Visakhapatnam,IN-012,-0.028006922687050153,0.1234310882218966,-1.0120079763106522,0.1222686259595455,0.16754947089056496,0.32192721833408044,0.3441598920061639,0.12777244033967644,0.22855406933753433,-0.030555980098651108,-0.5813310958711257,0.35637700385446364,0.036695708939595666,0.0111499307934562,0.11600382596908163,0.8746617236416467,0.20331086730392933,-0.11831713180064919,0.022469835876303558,-0.02503936518370206,0.07704119294290722,-0.013111422361336597,-0.06625728035180364,0.07245600301928477,0.36568957894089055
Andhra Pradesh,Visakhapatnam,IN-012,-0.02716753836519794,0.19321365808991572,-0.985815096033252,0.05984030409267599,0.2712087662596316,0.37050747489698477,0.22744276469496377,0.3379503988742422,0.10286351375312881,-0.020065551543285633,-0.5444067032476607,0.34037850759436467,-0.0797717365543684,0.05104761249091449,0.2885272581976585,0.9727580195764468,-0.1741332665489104,-0.10762229341831474,0.06075918387675494,-0.0076618043669504695,0.17236461157873167,-0.0019351925864025375,-0.02703429805397333,0.06589522227758286,0.47601016136427077
Andhra Pradesh,Visakhapatnam,IN-012,-0.025446143206883987,0.2748170681150389,-0.9556833425569063,-0.054794589606993314,0.3343836253366545,0.2876484045064039,0.19506730375113523,0.23218444564385665,0.1129854747733661,-0.01669242169240445,-0.6142453860011433,0.49355661807693313,0.08015665954803267,0.055047559463249435,0.2828260152355921,1.0739131958837005,-0.19916153589722466,-0.02735484750181665,-0.059467638487334856,0.005567302109666306,0.1297006255874015,0.03247715571008728,-0.010885170098859654,0.06501095378743771,0.4380265521791333
Andhra Pradesh,Visakhapatnam,IN-012,0.013777234431739567,0.27792574188412983,-0.8708568779499929,0.13636606786167896,0.23651003692691258,0.2909702010062049,0.3700730389332294,0.21798897071898835,0.06810134555827302,0.0306423025950413,-0.5230354208814652,0.33022838683629707,0.10213149137729902,0.02592380066027366,0.25785542639659004,1.0451654831705424,-0.16676417440459473,-0.10882473771966845,0.03249444283883172,-0.0026421329161525967,0.09953365492141868,0.0789743133671826,-0.014315637566839005,0.0924881012165132,0.3995736786624008
Andhra Pradesh,Visakhapatnam,IN-012,0.020141078132749096,0.3235168909900605,-0.8538331729775549,-0.046044557477998765,0.2285505764940341,0.30288688187291424,0.37450531922601527,0.07060709119022321,0.1335016406415215,0.03164148573540584,-0.6164527955780037,0.4324358600505783,0.09435366267537669,0.09011247360870615,0.28254073833004667,0.9348272457591369,0.12887209549516837,-0.10536853534532042,0.11110363774476273,-0.03838205584034623,0.14694565311149888,0.03468286934090596,0.009172262441826442,0.1250044379179968,0.34442010653980915
Andhra Pradesh,Visakhapatnam,IN-012,0.0189435478911497,0.326594251952322,-0.7806019157898387,0.11537085290644543,0.589216611262196,0.30110820529880133,0.23001648772642186,0.26226489434849615,0.10470867595321115,0.10451710403735973,-0.7147632940229508,0.3297584347092245,0.06441279372800329,0.06589747528142162,0.22710535517417166,0.818036078334926,0.21790422871879084,-0.09724857278726858,0.10468424778465787,-0.004415093637890916,0.12527009468383107,0.056882427737669265,-0.0076831261850495375,0.01959784826107596,0.34868636395903924
Andhra Pradesh,Visakhapatnam,IN-012,0.060872297668699185,0.29221517211367587,-0.7757686648249749,0.20879466381706105,0.32363301204579126,0.24905462317601673,0.24561679740712736,0.24934072210979424,0.10977944421726984,0.09262684905495867,-0.6054536575388122,0.33820709450736713,0.10783504622675724,0.06476777143977297,0.18882556983577622,0.933403692253589,0.3525872753215443,-0.10366150509576248,0.03126318729154168,0.008453138019625136,0.097040138069383,0.07264657709825915,0.008436494106076246,0.011979276023387473,0.3114742156146077
Chhattisgarh,Raipur,IN-013,0.031473581303758665,-0.5306137076924435,-1.0026241173860668,-0.18192932346190824,-0.9813351658157068,-0.40779513933415784,-0.43452580445298605,-0.29315588810195725,-0.24245292368860463,-0.12297378304883665,0.49055524592179894,-0.44118516940097496,-0.04598349501193447,-0.10953436289247477,-0.5342500761646642,3.055585157058392,-0.10527154305168679,0.7319271244100555,0.6176458269283821,0.28541733475136005,-0.17060484168222975,-0.07148875084087992,-0.0459198225633522,-0.07978961676019274,-0.3621194049129699
Chhattisgarh,Raipur,IN-013,-0.03704638470663545,-0.549849567021832,-0.4727841103569953,-0.23886286180743233,-0.9653785328115283,-0.3136066044750022,-0.4454589913729894,-0.28513213721423447,-0.2555173355746642,-0.011692544188795546,0.49813153374885155,-0.40839693236709546,-0.07351233613191718,-0.17616435403610947,-0.32738683438051774,2.8991089293927823,-0.17930439498615816,0.778378037775606,0.6556183307051701,0.27402494110751,-0.1715205966472696,-0.06255455176646868,-0.11206584316030835,-0.06555260347384934,-0.39817656399330725
Chhattisgarh,Raipur,IN-013,-0.030044428851566333,-0.6310449284348794,0.3592379124253043,-0.2290518336082054,-0.9565585904669685,-0.5162704593618297,-0.38495664111156885,-0.290567081901376,-0.26618950404502345,-0.014708875984368297,0.4297144400712323,-0.5284674687525127,-0.08345605331303371,-0.1593765379209442,-0.3054080980664746,3.0845880901799867,-0.28564995795905956,0.8141755728571625,0.7299504125766366,0.2863436091602542,-0.26777298563078544,-0.07724794587564353,-0.07424932608235889,-0.0801538465311464,-0.31995178687799053
Chhattisgarh,Raipur,IN-013,-0.030265018759017718,-0.5909312166915988,0.7519310857826514,-0.26993129064406063,-0.981102411546774,-0.522734703047525,-0.3880718468329692,-0.2485263589789994,-0.27496532278143376,-0.008020680928689742,0.42091131872687715,-0.4521408694134332,-0.08543018328057188,-0.2148625525825184,-0.3101607171386526,2.948114090636428,-0.17290774295151254,0.7756050258983967,0.6799282713777713,0.22736992143981838,-0.15647660287496068,-0.087235447568115,-0.07415852532922754,-0.06843310928766891,-0.2912533747927103
Chhattisgarh,Raipur,IN-013,-0.0332669468490794,-0.568230996684735,1.2814851592175966,-0.2108095531411208,-1.0400929285551104,-0.5158693320853426,-0.44255112121597384,-0.29982693833194507,-0.28975218869114294,-0.007995571445035994,0.3571180756816784,-0.32987838949333825,-0.055435225612072425,0.01143654326672466,-0.29812012759589407,2.5164566937164308,-0.140916054481968,0.730459140663937,0.684403497748041,0.3020164221332241,-0.1402882007291367,-0.01923086715162695,-0.06910173469917472,-0.06185921779051696,-0.31668975302551633
Chhattisgarh,Raipur,IN-013,-0.006974530651398464,-0.5337275010529016,1.5972481528585498,-0.18175339132986948,-1.0904808446045247,-0.49161445103862905,-0.5074249334819336,-0.3269545754861352,0.209907871565884,0.0016706081411201085,0.1811448943687521,-0.3673254016254926,-0.13376467488725605,0.04179193708786451,-0.22739958419262948,2.7939338065663906,-0.2295267490977841,0.6057806848083334,0.5288822981289908,0.24674769133888702,-0.1604237764770923,-0.0004804381640813168,0.008995187002492312,-0.05551324946557185,-0.326915481893871
Chhattisgarh,Raipur,IN-013,0.0195733723019365,-0.46183977800425274,2.1078267154686956,-0.22242396977335538,-1.1692004237023401,-0.29381058370672164,-0.3773914138273134,-0.2016286586002637,-0.3022262006533003,0.0232374137942773,0.045396658143804385,-0.5754948984921981,-0.010055020786553355,0.11160555817255337,-0.10475663313788386,2.2122329899922706,-0.2588924005589407,0.6746570757593295,0.6572052059433349,0.3304329078844156,-0.25489360481555917,0.041631278572063286,-0.015614736377392151,-0.04772842825542703,-0.3402214975626038
Chhattisgarh,Raipur,IN-013,0.015342849052248102,-0.3377057605602801,2.2326744550952555,-0.20135399954416552,-1.2309636950104978,-0.5227777103798962,-0.28717985946319124,-0.2570156531951063,-0.31373954560867334,0.022759714368574897,0.045785051200718525,-0.04183208346752273,-0.12988446844096538,0.12622660787312806,-0.14293462506280943,2.4656780600795405,-0.2516207910768723,0.4335310092872123,0.33869207699181364,0.15149179228588003,0.11539505409771889,0.023328034140654184,0.030991245784604587,-0.10779977514728412,-0.32855462192445456
Chhattisgarh,Raipur,IN-013,0.00360171342972407,-0.28848742711391007,2.119642790804237,-0.1294699228264911,-1.1111786972817754,0.40281155550168407,-0.32020174503580756,-0.30469817838222923,-0.22807292584169522,0.017756726358096307,0.012329399859971165,-0.6246355547491349,-0.137701306529411,0.1227724630774517,-0.1260028531525021,2.1815038619398335,-0.28364756462941165,0.40009420409850627,0.3384238853051369,0.21213870763497517,0.06744955211369746,0.048985581719600726,-0.011540556082626743,-0.08985596251457287,0.119809349120632
Chhattisgarh,Raipur,IN-013,0.168982983502169,-0.306790086279537,2.1875730684275703,-0.11878169032646788,-1.3631652664968472,-0.4784852446292544,-0.07527876778201463,-0.2677892074437969,0.3366374657548712,0.07138340963998412,0.0626468180525004,0.164887755661345,0.16334374906246663,0.1756073971833569,-0.15749669264099925,1.6695299316758268,-0.131574365808554,0.32718692779555303,0.1828147033804506,0.27006239953458977,-0.28505012120060125,0.10228040935895519,0.09597619845379354,-0.14260841978587588,-0.30164689672780276
Madhya Pradesh,Bhopal,IN-014,0.0013165379375595656,0.08730429530594357,-0.2873416747164435,-0.2449716679341392,-0.2835985367808157,0.3504455607633714,0.2637173440778911,0.07768903532337045,0.0731295659004672,-0.008458811174682399,-0.8547620540170622,0.293216555015184,0.09343165615212574,0.008659057232074411,-0.26118497537270935,-0.05789560815232636,-0.18374096985799462,-0.12299648412755103,-0.04887423567823828,-0.07294777260819993,-0.1398193644987385,0.00038939868864704634,-0.008877830858237179,-0.08990001011732492,0.37317283141368224
Madhya Pradesh,Bhopal,IN-014,-0.01506616214894667,0.19840582881798796,-0.2921127202212847,-0.038934320148969026,-0.6371615665461693,0.3857737775412664,0.21299095206231322,0.33812960071405324,0.0831814262961875,-0.0013418539737385853,-0.9606974826127525,0.301215605698236,-0.025752408677458306,-0.03883776844243233,0.3199861742297873,-0.08993418385253298,-0.37499630413815926,-0.18904594021869883,-0.0736105954212312,-0.038319126075417057,0.2075979518858137,0.008403042110326674,-0.14800940124586515,-0.07087904984499542,0.39216361550033557
Madhya Pradesh,Bhopal,IN-014,-0.020273503320086098,0.22607093916190252,-0.3236382893240067,-0.23989065231674522,-0.02617186986443217,0.3074744969655712,0.2979408479623599,0.07827811873944912,0.05248825123628953,0.00827390348082753,-1.0992337140583728,0.3122386400720304,0.05695565790489074,-0.022162754188992995,0.2714064875327082,-0.05604589078627392,-0.23660917478178387,-0.1308183061768367,-0.11290030363026235,-0.009156669474635736,0.14182756788666223,-0.042989780360338785,-0.05041970653014184,0.1008510140591711,0.3579029489277118
Madhya Pradesh,Bhopal,IN-014,-0.019626928618561315,0.18011568885007861,-0.30687297968372057,0.05135041914129169,0.020238916527371444,0.3471154694539927,0.2978261833115489,0.10003707316934145,0.10161221469353852,0.00417621438468118,-1.086338815030346,0.13829922780730886,0.01687531750954585,-0.008547412206904243,0.22523964630788582,0.022340687155020807,-0.27709473236187887,-0.15878898606511144,-0.060179415177220086,-0.011923830612011613,0.20010008134836627,-0.04271515827253502,-0.10919458983279429,0.12580689361873384,0.4999524113141123
Madhya Pradesh,Bhopal,IN-014,-0.017410297486313342,0.20231641007538853,-0.3132001067940856,0.15102851588957322,0.014408471492191205,0.3645301905498063,0.2310690113766036,0.2527527153649632,0.05989225110948395,-0.0034696194242727053,-1.0878943994024695,0.26687588640782756,0.11344191668060853,-0.01052052013277506,0.15205127027706722,0.05271314768952575,-0.2476670747282093,-0.13531920834826217,-0.0701943615309579,0.028355893501877918,0.14756385373724587,-0.041790909237865194,-0.05196895545591723,0.12245489427707103,0.4540591874949393
Madhya Pradesh,Bhopal,IN-014,-0.016648311648720326,0.37374403500104225,-0.1998840385483462,0.04493853634304827,0.33550291240832336,0.3051416345308235,0.1784110858615876,0.23015860813493683,0.07058638099080915,0.0039459164065112125,-1.1647138588122237,0.2783957185088335,0.09689108846833758,0.06034119407476917,0.2747606606535687,-0.3809676861558766,0.27050419380484275,-0.1535850217803046,-0.1025985089600271,-0.03283886672996321,0.1609821860476381,-0.02127944595803543,-0.05502110513944769,0.1296605564676074,0.4622158063443834
Madhya Pradesh,Bhopal,IN-014,-0.017365867338266065,0.25018924669078246,-0.012061839706256402,0.05201324013612626,0.01932031540335397,0.33323933589120525,0.1978097651259994,0.2500815838248284,0.07697507665121785,-0.013969438731481761,-1.2138977843483294,0.24905109689500277,0.06707194983455199,0.05157122662942664,0.2794082713384872,0.04321606919037126,0.09880727495392307,-0.11883748214155024,-0.07849566914557872,0.008993576347157368,0.14882011172636297,-0.0135739205004145,-0.04862267360984524,0.12010429564343593,0.46227060235630024
Madhya Pradesh,Bhopal,IN-014,-0.0029812484682478738,0.30836231561810673,0.07774693397571679,0.2614870965777863,0.13078757890929368,0.28980930481180245,0.19638628292986907,0.24051719525854995,0.07838473903317948,0.06897862237639354,-1.1255318020461884,0.2704347880599101,0.1595200904695981,0.06437473360238095,0.23557945639924324,0.02287655699065535,-0.019200924462690297,-0.14361049746256763,-0.08765873015575444,0.015730319930207133,0.052347504469105056,0.035201566727237676,-0.0625032994930443,0.11349135267089278,0.5006760125318311
Madhya Pradesh,Bhopal,IN-014,-0.0032253371180324983,0.4012267229707641,0.27568111375319326,0.07671297392434431,0.03749280505422266,0.33836012271084326,0.20417886895487974,0.15432568491869003,0.08298921767094884,0.07356681368673282,-0.9826576617640647,0.2938758517422206,0.11298569953841055,0.08552175528209124,0.25849450877650054,-0.009510627664830467,0.2270863827190227,-0.19310920187062147,-0.07880040168757829,-0.03886401863922963,0.12706314311344338,0.016520339419543326,-0.01817107540257377,-0.017636473695024513,0.48893592507001504
Madhya Pradesh,Bhopal,IN-014,0.039351346025554276,0.47843744189836235,0.3572415838294179,0.03509560663471869,0.5435658738540403,0.30542361289465386,0.19860481967839544,0.22787957152497446,0.0897521289654717,0.04878919200346943,-0.7189252573599864,0.24821486834912998,0.1075763688458703,0.04882924693905367,0.2620919573329838,0.13323270083398495,0.25566861794901796,-0.15586491726797638,-0.1572669424962755,-0.04891484722845215,0.12112791280290687,0.018989017427978407,-0.0511287272664521,-0.059304914775136865,0.4865651012125738
Gujarat,Rajkot,IN-015,0.05808967617895136,-0.5801242367017926,0.3541433995759564,-0.19317280456364905,-0.6830067106431527,0.4573491568013316,0.37146144674895115,0.1005605117353227,0.15443012176099158,0.029769697403691838,-0.11495649854308872,0.26928979735103087,0.0195824625155608,0.033398800177773684,-0.24651036913392327,-0.4573530952975736,-0.14931488668198686,-0.0110272589402546,-0.1176065608247958,0.02513538245805991,0.2909237350159247,0.06575924390737539,0.1626117703188257,-0.041471076133346024,-0.5194880217110646
Gujarat,Rajkot,IN-015,0.010030558313893718,-0.8035800824639227,0.02135779917931917,-0.09457711072501859,-0.06721276589149526,0.39655965650324043,0.2774419147967907,0.10496474229905456,0.07791375286930662,0.033021312649696835,-0.8709577307594711,0.3421077249690278,0.07406812859995261,0.016106545100104966,0.18100133368428153,0.12242239160993515,-0.007473405778038197,-0.11646148183269393,-0.12407659328467799,-0.016114829109407085,0.13886024520855886,-0.03842503769117801,-0.08253511627707157,0.11805556981018824,0.47777203567644794
Gujarat,Rajkot,IN-015,-0.02076086718779618,-0.6836403087989812,0.05454501784548289,-0.10628282939699639,0.09761332909093509,0.41058436985478586,0.24545230148343614,0.20725741707927106,0.12249959849378028,0.030607811432726853,-0.9045871980926382,0.32514352838180166,0.06697067741094441,0.021161772864120635,0.2963842789139183,-0.4223076689536381,-0.16615922394176605,-0.1293377104083531,-0.06113183738532676,0.023414369359014055,0.19658597213308276,-0.02601939593050862,-0.11459781490652018,0.15056275719896162,0.3972488059413136
Gujarat,Rajkot,IN-015,-0.0163797873131448,-0.8286642481071885,0.04150813389915254,-0.12420660640023122,-0.30810352115457695,0.4371492991666296,0.20884188043889365,0.2040440170234536,0.11174342943067629,0.026343509204894106,-0.7815597146914857,0.3882629094472139,-0.00847551360004722,0.04224320121834123,0.32024094589741897,0.05112098706819113,-0.1714553356136073,-0.15101645178163126,0.008642534093364485,0.028774916550907508,0.2519037841742791,-0.011625031933754068,-0.08452324652720991,0.18148158974144196,0.44221577830066366
Gujarat,Rajkot,IN-015,-0.016174182003581734,-0.7809139290803017,0.035109665190089206,-0.07749682494776888,-0.5890060265660997,0.47211763747067004,0.20947421695402704,0.27475647445740387,-0.01986234745155952,0.027702512336686483,-0.3745956323029318,0.3199134058664253,0.10971011848822142,0.07452978683223736,0.3733608638319329,0.20839806789746057,-0.2309743584411977,-0.1900958882755982,-0.15867226617359517,0.009311518093626812,0.23921865773010095,0.0054715106133930965,-0.07672398962175153,0.17276549039914696,0.41017145259919524
Gujarat,Rajkot,IN-015,-0.013814084605942058,-0.8257396908714273,-0.03978088932787884,0.012661661607027122,-0.1793695667379999,0.4113025492930812,0.21026068763128655,0.1824067548085149,0.07156615853757547,0.008618136747190915,-0.2892873500214468,0.2394220552716466,0.06067477491258965,0.041692072868280236,0.22946918240596267,0.05280470295900984,0.32945279284546186,-0.11794346170773602,0.08060476931932138,-0.03320806182986173,0.1825209159110125,-0.03712952239694654,-0.08127158388604805,0.14385114348464145,0.35624121592353525
Gujarat,Rajkot,IN-015,-0.03346957884691875,-0.7578507263567414,-0.0784764881943346,-0.09866192382488875,0.1529223870438671,0.43927259049244916,0.2163815433162918,0.19147680676403686,0.0982210096670259,-0.014382199933396662,-0.4929606496017665,0.37069261519763125,0.08510641931333557,0.0063259871819644625,0.2546674796612489,0.15201255186253496,-0.10083783767932934,-0.11900433267864227,0.023674547341588376,-0.018959380449060852,0.1790979193587596,-0.005771193900330532,-0.07869763421582518,-0.05020413343292694,0.38897375015756097
Gujarat,Rajkot,IN-015,-0.01955486173404457,-0.7014561744024392,-0.02688188805616522,0.012880848772470182,-0.001706068391500166,0.3938574201772295,0.20895109633603098,0.22113413462917492,0.09127482154942428,0.005259361805194592,-0.27339379674698494,0.3203594776968743,-0.009418353587912742,0.013525765029302304,0.2693431432561297,0.0985105590215049,0.13719440179674136,-0.13178649972884424,0.1578601530347094,0.013361739349198199,0.18728393264309787,-0.004818635539330284,-0.09111014010675626,0.057789702870592034,0.37495083441194643
Gujarat,Rajkot,IN-015,-0.02417293223361732,-0.6153624822042368,-0.3098635050809668,0.21705313893226855,-0.3457060295406683,0.4127309565315333,0.27571370767072795,0.18219330161863953,0.08002111046607314,0.04023877787202598,0.22653392707049805,0.2599212310087878,0.03281880554254565,0.021561517484338762,0.24141428577953697,0.1516898417472457,0.30335619161954647,-0.11230378684859492,-0.16000570057605035,0.014944086227741701,0.11892180379237413,-0.013641356845501742,-0.06413914164347247,0.037310534615328794,0.40576834213116403
Gujarat,Rajkot,IN-015,0.017274236451786957,-0.5376395166466525,-0.37486848873915235,0.14557674504845666,0.1620414272124812,0.2925564028547013,0.16829629343702593,0.19334987608910517,0.06157311688629528,-0.04994416729197097,0.5099957235166904,0.2824061058730896,0.1366491180810106,-0.004655293263190084,0.19676452679407413,0.22900038560879976,0.10557777005336942,-0.07978811729703059,-0.16652587830328153,-0.013155554481700473,0.1249996184924115,-0.018407264669296316,-0.06022164389136104,-0.06965935982135003,0.3248510231844322
Rajasthan,Jodhpur,IN-016,-0.016153138173602085,-0.45903538570150404,1.8291070433254275,-0.3833579888628208,-1.3028143028748793,-0.655070393629407,-0.5517230592042592,-0.24619852202033227,-0.21824263348415518,-0.023552521255075103,2.6875629105299566,-0.6425897149525701,-0.05026958329880444,-0.12576420847994846,-0.2858022571174138,-0.2717774172848864,-0.310554890222333,0.1697324822224323,0.025454912707325316,0.29269555756066834,-0.279080034777105,-0.008136973365675575,0.02014042942259726,-0.09435460636642094,-0.5740245884930925
Rajasthan,Jodhpur,IN-016,-0.019422330225301158,-0.32540548774308453,2.383768572794893,-0.30869755010386435,-1.6198490400971013,-0.4896521447922428,-0.5325347956067307,-0.25886868409219066,-0.19657014319584623,0.008669371536128156,2.6974934077782327,-0.8052179044323843,-0.13668100439367725,-0.03670042225515075,-0.3201906773901479,-0.1850056195837596,-0.15959541416086734,0.19552196960338927,0.11574566731920281,-0.20517552251283008,-0.2899630886756843,0.013155442382712627,-0.04135061358928672,-0.09459747175183714,-0.6056950852076322
Rajasthan,Jodhpur,IN-016,-0.012519055238714582,-0.23553327168396188,2.4578230742531066,-0.27957296654759184,-1.5154158659226658,-0.6907047926839986,-0.5825632283603662,-0.2347707671354731,-0.19282014708474285,0.0423027305501564,3.0198090837994283,-0.646004606839234,-0.11116548637591574,-0.12204139515622008,-0.2776139768771676,-0.2972762706355648,-0.320715858263346,0.20617037964777668,-0.039607195274899455,-0.018814079756498552,-0.3034791875372926,-0.047362369632127,-0.05905159542738409,-0.08934702810392098,-0.4881875711730482
Rajasthan,Jodhpur,IN-016,-0.02574093418976354,-0.25781194968147775,2.350636005707268,-0.26815985097452677,-1.337750465896067,-0.6212349271253452,-0.5589273244704518,-0.31751773985561293,-0.23827395060208492,0.02115831341752927,2.882156547398167,-0.4567712925031818,-0.049288389673251456,-0.17042343016822253,-0.3114949264325068,-0.24932547948433534,-0.2627067583391756,0.1997691496520986,0.0781030871783724,0.29506383904771283,-0.29924516156037767,-0.011871496873643625,-0.0682044687775778,-0.1011785948047838,-0.41430943612050597
Rajasthan,Jodhpur,IN-016,-0.01679717592117145,-0.18942614919255366,2.353432178281886,-0.2673783351931097,-1.4016147640462702,-0.5300711715795475,-0.5553356832531886,-0.2823228125017025,-0.23745595281116538,0.0018331461114183133,2.7217101344982555,-0.5359839648908761,0.006818899741958715,-0.05862389527557621,-0.334234718800453,-0.15274290923666953,-0.28413768510131965,0.10789892913529077,0.2405958642062275,0.32366478091663003,-0.27799952958510016,0.06178610507742557,-0.07493894763909872,-0.05793673589458618,-0.39306856600012124
Rajasthan,Jodhpur,IN-016,0.010907621489445712,-0.16684226998936105,2.3444258034508176,-0.31292259344967327,-1.486386300141366,-0.6501399024831583,-0.5853840321396353,-0.25275459062417877,-0.2087346005021256,0.012661284295121832,2.755207908701897,-0.7008055348958858,0.3217397941679847,0.05281489585818905,-0.30252451677083675,-0.12176191081210666,-0.13517112506473258,0.2439608711046373,-0.0445391970313642,0.10622787692160181,-0.2564185692731523,0.07054510871332664,0.08308975516743332,-0.06025446491394627,-0.42315858078144275
Rajasthan,Jodhpur,IN-016,0.007665196095343948,-0.10334491282970118,2.201881138041255,-0.015015981144948511,-1.456820942974607,-0.2848082446081988,-0.5681459174691629,-0.1533774344332879,-0.18798428024941286,0.0016168920573053148,2.509378464766559,-0.3872758540690631,-0.047272706950014017,-0.046909343654309404,-0.22600214287413625,-0.12689041238513998,-0.2528327404125632,0.21026656475924388,0.22653414018469345,0.19098605046274242,-0.2727231824594963,0.0578925827833381,-0.024049655808361044,-0.10009370829922778,-0.3466040162083554
Rajasthan,Jodhpur,IN-016,0.012207629165040325,-0.1207241313468166,2.2057430447132056,-0.2411631544956309,-1.5864887473644265,-0.6072668072004089,-0.4264768290817088,0.11109112137584327,-0.21791825484408725,0.04171004317133547,1.7838090377195583,0.21847929508712824,0.12473560359518952,0.1036690467035352,-0.30371918853403207,-0.06208130381044926,-0.1618880432421335,0.1758780080320208,0.10750726856244706,0.016259373125360833,-0.2663068665686035,0.09205582774698844,0.10045244280774014,-0.07123330161414747,-0.35831111893293793
Rajasthan,Jodhpur,IN-016,0.004941271876904511,-0.11245233243557835,2.0129358204437415,-0.08166403074690624,-1.0071347194379066,-0.4455810165142894,-0.20929643159266634,-0.14091950318001986,-0.10352065358179398,0.03318650932583363,1.8620338452635978,-0.07503348656445377,0.1534319283706886,0.14709433010077036,-0.3121455522996872,-0.011218752074795056,-0.12263735130493132,0.24260150854275425,0.134439170817162,-0.0038917461584045705,-0.23332499788648786,0.06364157784115215,0.03921462934917622,-0.11702943636601174,-0.3691195536316699
Rajasthan,Jodhpur,IN-016,0.21951440872694702,-0.24181424126716333,1.7504249463570676,0.0017946392352147138,-1.0338691429561153,-0.4349306150602023,-0.17638155229257305,-0.10861171684190764,-0.12296492348796491,0.09913849001681609,0.7329976706729274,0.11233218884335926,0.0651141181921189,0.17100688470427167,-0.1573312309436025,-0.03160504515290881,-0.15762252136523044,0.08410407471047665,0.17817581553953307,0.09832476333319898,-0.23482638379190612,0.09318212417269242,0.050449532619387685,0.13159538168393073,-0.3338877095557497
Rajasthan,Jaipur,IN-017,-0.013015734997294037,0.4306548201996153,-0.3536134143652827,-0.2091398235419251,-0.23628909521604288,0.2904439501129331,0.2747610903296797,0.10762468178057043,-0.11739812503401456,0.003489947735374623,-1.0639211583738692,0.2529565640178078,-0.2200578191101618,0.005582989240240035,0.12377528949213489,-0.1250116782712469,0.10770640759360847,-0.16522192342423497,-0.07499999423683677,-0.0036421716980320215,0.15796973448164345,0.01718903694864334,-0.02494038685812919,0.10936694345140609,-0.9955632394864219
Rajasthan,Jaipur,IN-017,-0.02092614979914217,0.5287291397034842,-0.3570492067274055,-0.26895586547189093,-0.5361174541254253,0.330204613042801,0.24975028346406192,0.2714270091867089,-0.13615704622698524,0.0030075715614933034,-1.1151040231424316,0.37028528633062385,-0.23177158467701106,0.013460548088660698,0.13626595963430654,-0.12048093602202063,0.18858889574621737,-0.20100633752988267,-0.12287204279512398,-0.032481881387970715,0.2015734770122384,-0.05284621590362256,-0.011451156678069426,0.09243197601114674,-0.7051632120733708
Rajasthan,Jaipur,IN-017,-0.023180670247643757,0.5062610599141136,-0.3085340158861521,-0.0485046487500281,0.10255613036807566,0.24400971305328442,0.26738754695956146,0.08298587056645643,0.04376193976296308,0.005391729900845025,-0.8039291478043479,0.3519547194704227,-0.11046119906830158,-0.027133251465400802,-0.26444070342971626,-0.16183297930633533,-0.1146945601122455,-0.1182473761743494,-0.048870656139205396,-0.02079111208792211,0.16793132918617396,-0.05740533532774467,-0.045674051385346186,-0.0787850733572032,-0.6159311908053384
Rajasthan,Jaipur,IN-017,-0.02043369414445157,0.5362061735094013,-0.14487484311110446,-0.3432006830150389,0.10406564870569467,0.2692837262923261,0.20739300795867985,0.2626593445510937,0.06278070409428516,0.01832380876070596,-1.1474315635893366,0.24982830771852105,-0.2208346101083595,0.0447036968363909,0.25344487088728884,-0.08536522315955897,-0.09448615827007728,-0.1912026441985461,-0.09746147627653722,-0.04242647332102085,0.11819195224787572,-0.0518683508551899,-0.030003831641400355,0.12813891281218706,-0.6268020801651196
Rajasthan,Jaipur,IN-017,-0.02467726368124918,0.5425735666104479,0.06681668453892872,0.079521720594738,0.03201436991873388,0.32336614019929777,0.26526250036564264,0.1845161484436756,0.1044687364715157,0.0035253092771999313,-1.1333645058807005,0.2477666312866065,-0.20403444131339551,-0.013985851319826645,0.20453707804896867,-0.10295060078506627,-0.2233185831888771,-0.2308835634333749,-0.11625952759827393,-0.03721529883961517,0.16398627932524032,-0.04547293648825796,-0.07167570263325555,0.054438288005373,-0.6927647214766389
Rajasthan,Jaipur,IN-017,-0.0063988876758180845,0.7224710604267522,0.06163810786796688,0.18853879465012474,-0.05562539070078543,0.3063861635658894,0.26032557057101446,0.22015939579431162,0.08478652027871922,-0.0039249181458794104,-0.8981368885079244,0.25744362396983544,-0.08296663010740561,-0.010627031617287123,0.22522863769679988,-0.09621106228819307,-0.12572148226948957,-0.1606075756093208,-0.12120931924857462,-0.03211262764027523,0.13516755964951113,-0.025159549835636553,-0.04129061729863995,0.11014356029020243,-0.6852662463523018
Rajasthan,Jaipur,IN-017,-0.023869271228911203,0.7163763908617213,0.24490793061662566,0.1137607088501339,-0.4803934364490884,0.2687768253396857,0.23206793489323294,0.1820143101118937,0.08519188426918113,-0.008657965224824187,-1.0500589424880566,0.3073559853320537,-0.1347436470403102,0.0482786692452105,0.21844354213807468,-0.046834760417690045,-0.015197158930607087,-0.16819657416664752,-0.10559165968443203,0.014511655400422534,0.22472437966725559,0.0121573168634219,-0.028223433275547192,0.010377211949559614,-0.6487168540591627
Rajasthan,Jaipur,IN-017,-0.006616625869214081,0.7158696824492433,0.3264414599525723,0.2067891862481799,-0.09335265086288183,0.2979093030293491,0.22129252670252006,0.19535635140800045,0.07476873202999655,0.03326125285799551,-0.9965289229255582,0.25018673625619015,-0.1279937636380431,0.04854271040438753,0.23671084530572423,-0.054439193750788456,-0.0060413970274681445,-0.17964256104058104,-0.08320177353789567,-0.016005969984678906,0.13976325381833268,0.0080117630602587,-0.05313692212861657,0.025671513645175968,-0.6802102003211934
Rajasthan,Jaipur,IN-017,-0.012972370082226231,0.8518000706324214,0.2583019196339832,0.2230297009658312,0.16069035374287585,0.24725102621091513,0.20290762869111223,0.21279811369734483,0.08571900454932316,0.038971023171007535,-0.6747153858632327,0.28046661807447054,-0.25647846637617355,0.021423576263542445,0.216248703754235,-0.08852836881646171,0.13013384729590508,-0.18100933266450037,-0.1279292473834999,0.0022270045698654243,0.06307312042408848,-0.007713864410435241,-0.04809057617300369,-0.04780372002465273,-0.6527633426788453
Rajasthan,Jaipur,IN-017,0.0879292892847612,0.8931976082349175,0.2820697850225599,0.18994745377779476,-0.023419803290285444,0.31456965299341183,0.21368653356668382,0.19155031414314563,0.06497058456552648,-0.049487339681382664,-0.6640472480828653,0.242039909362095,-0.2043464669354534,-0.005374431929254367,0.214479284729553,-0.04541593223843483,0.21020893227691947,-0.19332064691483558,-0.076387823776662,0.008044982707053236,0.0244909776936727,0.010321535166943192,-0.015772165049984826,-0.046413632277386645,-0.6259900487764873
Telangana,Hyderabad,IN-018,-0.011484599580108562,0.25220693297527785,0.057465578879575326,-0.0725880342977054,0.8037395030433582,0.22237233163116715,0.12913163951377093,0.1221685375676362,0.08256564628463793,0.020507352439965366,-1.7667943986184198,0.2597146814598184,0.024774209020448135,0.016488639132880924,0.17505037838531143,-1.0998988870238782,0.11285457117222253,-0.10831694559030938,-0.11257117148460113,-0.06072978126792801,0.12379760748828969,0.03126393473870461,0.015555580518701359,-0.10660696259325224,-0.5959943407943149
Telangana,Hyderabad,IN-018,0.00015767370602172686,0.25155075159589724,0.07657652622000401,-0.07703770216334775,1.0093971519852039,0.22533823177602316,0.028735778247413017,0.19078784614643815,0.06247578214855368,0.015844864427021016,-2.2430679434574374,0.1487671997733453,-0.04590110693787253,-0.014732833762509279,0.3046619773889238,-1.3344006188958255,0.24068546992977646,-0.17333313670011954,0.10147032967957606,-0.019820821105419432,0.1114938241418073,-0.07088151713071607,-0.020756935634315802,-0.09784928169977704,0.18166996868293775
Telangana,Hyderabad,IN-018,-0.029690056494896328,0.2798698361647759,-0.10688775127076139,0.24984349155259364,0.3844180055543956,0.23869347113573292,0.11898146793554888,0.12362299322207267,0.05717011552228387,0.014919869917910458,-1.567117117538964,0.14918804051108553,0.05990398514313204,-0.0036614015674253197,0.19838239324939044,-1.0866185869675689,0.23230265404760794,-0.13606147356076903,-0.10620820805094278,-0.04344900276543089,0.13545729963131778,-0.07936720255029708,-0.08584888989918686,0.07279114853916971,0.3211043775397255
Telangana,Hyderabad,IN-018,-0.01846031288240287,0.2780706586514785,-0.035186784988867015,0.182375426639224,0.9478886925269373,0.20983537638816258,0.12963123219062303,0.09711965916563814,0.0829643865871355,0.0122113101685372,-2.18140692359852,0.293824682365055,0.04866886793653873,0.004054140120979974,0.20313954905272047,-1.1364345893866714,0.29493523904132557,-0.13983066282589776,0.11598556729956769,0.01721459467080462,0.1050757700396274,-0.07073187272049263,-0.0716501990350512,0.10445741328882863,-0.569494189885325
Telangana,Hyderabad,IN-018,-0.018302350224839153,0.26503840363016956,-0.010739432977618164,0.1882308120061795,0.8112416509423347,0.2673345955984692,0.14367632142648437,0.13049946207567936,0.035464235047956226,0.00891707914571601,-2.325225809406288,0.21591410323210897,0.0005785154936886695,0.013941008208472007,0.2232928939625845,-1.2609725130248277,0.2142755655016842,-0.172193989764687,0.04897954281748748,-0.027617851138215726,0.06062643314553149,-0.07015574599641011,-0.08307193057202195,0.15962006339987084,0.3472407477820204
Telangana,Hyderabad,IN-018,-0.023252530832838885,0.3186207744044641,0.025995469420819914,0.18578402809565076,0.9814332869294089,0.20504297364966667,0.1449886900365779,0.16760243907056635,0.056789128693930394,-0.001786919343271268,-2.3677790396692253,0.19161517060911615,-0.013690228678209083,0.003019874407655806,0.21811847495605624,-1.2935553011829446,0.22794012889904258,0.1281470898554243,0.18475757897918932,-0.0296559510089397,0.055715469013982076,-0.08191943140390566,-0.08352001460069004,0.15466095721607367,0.3098361676182511
Telangana,Hyderabad,IN-018,-0.015842292019868892,0.3418058635166871,0.05969464725004418,0.06024182577986557,0.9844804328303643,0.2352944937669382,0.19296354369244242,0.09672317581853491,0.06122119747965815,-0.007196312644212091,-2.3282611564727276,0.33777628636557605,0.029291806953938286,-0.03144579779246201,0.24554068685438213,-1.183622900569322,0.16773062502126987,0.010741961245228636,0.156662741409461,0.027271971431857642,0.1610661334268018,-0.051522193491513435,-0.0729417450525609,-0.004859405158841629,0.32404423235944946
Telangana,Hyderabad,IN-018,-0.004509191295395882,0.27639572783073635,0.05724959331262199,0.14910317881752658,0.9949195408294434,0.25468327779073147,0.1908266718806746,0.07858568452944585,0.07738354398781867,0.0298658805650004,-2.405345547266494,0.16224538418927498,0.016519255874844263,0.022319053075548743,0.21663921318008209,-1.2383539026705965,0.387875663126862,0.06180432127466047,0.10523339531434993,-0.007633198670233526,0.10654766956250096,-0.04052151196565911,-0.055094055808048485,0.014249881704766121,0.33367037841420705
Telangana,Hyderabad,IN-018,-0.01151095015087647,0.3985622033772182,0.05612908713563245,0.3239475995154482,1.004419427507129,0.2054564400861523,0.20138397966474222,0.06886475611245993,0.06023910043525129,0.0249853147675624,-2.224344268069766,0.24965132436499698,-0.0017511544771829128,0.04101907198467572,0.17442068505840355,-1.0167900314057323,0.3547115751800627,0.034214489733282664,0.13507022965479512,-0.022594637382583858,0.03299058569400444,-0.0013995426869425984,-0.0702093315788437,-0.006798963086621057,0.2855240935423304
Telangana,Hyderabad,IN-018,0.03609687217819605,0.5389123691218116,0.047964114835519496,0.36037491271555044,0.9933130527000283,0.14792648814971154,0.19423333718576952,0.07495191541120047,0.06926618487825022,0.022485599855515653,-2.110369137062751,0.1696137274729606,0.06870555025082219,0.02714356453034474,0.14339193698324268,-0.8420737735181617,0.3755105295368829,-0.13918376745441846,0.05741362751007629,-0.02193940679734109,0.043994202552347775,-0.019584397165963576,-0.05500578426359174,-0.07336163620943564,0.337533473537424
Maharashtra,Nagpur,IN-019,0.09588632344449205,0.35592317464708484,0.356840584732622,-0.20239523760513933,-1.1017268708139787,0.2764642415021914,-0.007328526119954175,0.06425849094827552,-0.1815110025922989,0.01554165965393222,0.12252495433278014,0.3218122190057511,-0.0978488795956082,0.028863456496117056,0.10351533402696231,-0.717972700823461,-0.26385532495323333,-0.3343833299190651,-0.22145825223511154,0.018569101893991625,0.21514971750576597,0.01648371313361388,0.09218261355154923,-0.11806256433055803,-0.5889493234768056
Maharashtra,Nagpur,IN-019,0.008393383035142536,0.16798171224824435,0.23654968621246847,-0.12624154213102584,-0.2821876584554135,0.2314246669667407,0.0956877400821606,0.07739702440827008,0.08823012973369797,0.011492345351941661,0.214644170721754,0.22563436940983525,0.058169091958691924,-0.002491736041296503,-0.33394800394133783,-1.141259731791394,-0.3305481224430262,-0.41241908847907227,-0.13521385235753614,-0.07073576235221633,0.016683537084242295,0.017303243537525412,-0.04521477813249178,0.12684510545082855,0.2701459063179639
Maharashtra,Nagpur,IN-019,-0.01810215040851284,0.20486721020741627,0.21591647046313292,-0.19034639135706338,-1.2193478997388765,0.30459548202351394,0.2484244441531037,0.15862133310919713,0.1108876128669194,0.020776328484788713,0.38171630841029647,0.30593867200355546,0.08885778174753878,0.00023189471903310176,0.11372336537458246,-1.1933507122308997,-0.2861323347653598,-0.31292174850838494,-0.186273813831565,-0.039899010559815665,0.21838713908490204,-0.033899392125055994,-0.19919391240870374,0.10171521220405914,-0.06988145026328599
Maharashtra,Nagpur,IN-019,-0.01979000129188232,0.16683075812354572,0.17222416571966642,-0.06142828364786353,-0.7631218323120406,0.22247951905536256,0.17262442906616812,0.1734769368045731,0.08515301679638816,0.016178798247221803,0.38841105649593366,0.34087768380861716,0.06525891923809668,0.017382091901339984,0.2276503374664536,-1.3069047557172202,-0.3238190750778486,-0.3792201150106153,-0.19095148460084183,-0.05631949050812368,0.1707489559374921,-0.07784710453548686,-0.1875334142470821,0.10182372343431306,0.3000414954094774
Maharashtra,Nagpur,IN-019,-0.025976713305246514,0.19641099611931004,0.21763196222830627,-0.09769561521435388,-1.4472012134145387,0.25383010599065664,0.21680245474477958,0.2591004532383426,0.2099527770946293,0.012183930278443682,0.2981387355697187,-0.22231945621712867,0.018931484640850007,-0.022512991548859277,0.24617541728109993,-0.9487427142365739,-0.3073461964129048,-0.33863069728909784,-0.20958790436188277,-0.011185259129228789,0.1982730803987162,0.025433161944224878,-0.10034462080791347,0.10546042330903056,0.22820343755277317
Maharashtra,Nagpur,IN-019,-0.03258173268642913,0.11146355484018708,-0.15461190800272903,0.22795208009625798,-0.38549978700941795,0.2138012943877016,0.13729691889091272,0.15154099260346024,-0.08885753025111531,-0.03264219554620059,0.5100123331378549,0.2709431573187686,2.634326334986282e-05,0.02099941673689731,0.2127751050178856,-1.1758414953192873,-0.3753168182519797,0.029643221704695265,0.03729664086211548,-0.04041532084926283,0.11597909796799616,-0.07525867867762297,-0.09640514228361086,-0.025419121308720448,0.29502819659156876
Maharashtra,Nagpur,IN-019,-0.015572643057215733,0.08161024049816869,-0.33014522493910875,-0.05888426530602803,-0.3400280331821898,0.22622545253433818,0.21371497932059694,0.21625832916912632,0.15622558817375484,-0.027844159757503848,0.5027882944353071,0.2318990392596742,0.05774267163260891,0.00039017467309749844,0.22176362142809786,-1.1709721630978822,0.022295062459494943,-0.35931132341676736,-0.15872511295993133,-0.054021887052097574,0.09802717621105339,0.004482059356261824,-0.08763220831473213,-0.034996409425419206,0.29071354338101574
Maharashtra,Nagpur,IN-019,-0.0014559554414171909,0.16741377657532913,-0.3991692196776566,-0.07590278045992813,-0.3604866010707107,0.25092310264802237,0.17586268215961232,0.13439036594823975,0.1745265744535944,0.017724192488073227,0.5320901563777021,0.28579769143007816,0.01640947098407327,0.04359749129093111,0.1959323451105342,-1.1215353956935978,-0.3780692750743951,-0.19070205819631594,-0.14462378910624396,0.0375134429804965,0.1448605745736293,0.024406083440453554,-0.07899782993779293,-0.025477984576644384,0.2957594966130283
Maharashtra,Nagpur,IN-019,-0.003269237707484774,0.16831169094283654,-0.45291314339223465,0.14622079535966878,0.02396546512943533,0.17986410950045817,0.23828410979979667,0.0612507937858433,0.059634087012155175,0.032926456229658715,0.5741044946016947,0.2739580390867823,0.06691661427372458,-0.014046782537109802,0.18989950905905603,-1.299286911301026,0.04119625717091355,-0.36590700485941197,-0.17930632054374868,-0.05262728614490048,0.10114094705667685,0.03284608773745029,-0.10423214234216378,0.1249127885095399,0.2977943506834058
Maharashtra,Nagpur,IN-019,0.04869319657316946,0.1830041470773307,-0.4479476334814267,-0.09017220620954144,-0.3462911425864637,0.16239865599422046,0.21285011200095247,0.1367477709651259,0.15814566081540146,0.014911857334088613,0.6197419874553279,0.3067278548904047,0.015561291252136646,-0.022040332904237726,0.17999330836577435,-1.1438907202455282,-0.004386010803871867,-0.21877886009744482,0.09288880163785333,-0.029545603696626607,0.10581355029566088,0.018824139891629992,-0.08631818862069271,-0.05540466554531046,0.2397491030544483
Uttar Pradesh,Lucknow,IN-020,-0.0024717828050295054,0.5115352061358018,0.536303875630141,-0.2730212170135197,-0.886477579367601,-0.6184411587960355,-0.5302284959458105,-0.2549256032647389,-0.2206848301033624,-0.11297468150934206,0.06917787136828699,-0.4616449189591167,-0.05774801711580138,-0.17825588001378928,-0.2573423223993889,-0.393510901710271,-0.17729223300314195,0.3656430299952453,0.37161436186564994,0.22879588979134727,-0.2991891104166804,-0.080432423307938,-0.013334637523812566,-0.10181872978976678,-0.529983497451776
Uttar Pradesh,Lucknow,IN-020,-0.03378070180084721,0.5572166003790335,0.4677951369031052,0.2576281744866804,-0.7208640459999528,-0.5626954916359956,-0.490911863177864,-0.3940841785702566,-0.21290892689797455,-0.08639362824308415,-0.012129163774027939,-0.47266852906928436,-0.031651856304034214,-0.23445657797386196,-0.21438610105139344,-0.5017060726478971,-0.17875293150325688,0.33549445457850036,0.3844079254886439,0.22864370000317427,-0.2734752203664377,-0.04200775337522448,-0.04045473356180452,-0.0857998812103969,-0.530304432894717
Uttar Pradesh,Lucknow,IN-020,-0.02976416125444838,0.5346647009425743,0.5045346783030783,-0.016336566205616566,-0.10144537876503813,-0.5761964037102969,-0.530432954921538,-0.4046750180287555,-0.15588295215403805,0.020418866389511767,-0.1193192177836679,-0.5651276312290103,-0.23768388156685047,-0.2094760000369051,0.0976073028416065,-0.10945144573499062,-0.195946165744922,0.3065805953174556,0.2580815713755266,0.14029313138926947,-0.25240530443440645,-0.06547890703004876,-0.02487909618479941,-0.07279754053161858,-0.48287984519673777
Uttar Pradesh,Lucknow,IN-020,-0.026207796344188215,0.5805546206047209,0.5007518292255466,-0.10503935991189157,0.09729649121884879,-0.601818497290015,-0.5352631875910174,-0.4291228437519738,-0.1952454231173235,0.021701873045275363,-0.10513788355008184,-0.5271073407266524,-0.10019119218033337,-0.06553280824429451,0.27823841494485624,-0.03310474432765572,0.24715969553804804,0.22116479801120212,0.17198300218956283,0.08555039179861851,-0.5489234218827891,-0.03732521960520671,0.007133978524899427,-0.07326745354814242,-0.47538333026745955
Uttar Pradesh,Lucknow,IN-020,-0.0182186020842938,0.5647484959681568,0.5775041806912492,-0.05953404353530856,0.2719292846082404,-0.5964890943349186,-0.4822243912843019,-0.3504052002327996,-0.16365711393146173,0.030511373592703592,-0.09183657930405853,-0.797934054450246,-0.07665708782399161,0.016831123691171276,0.3232921914174154,0.009992188517088588,-0.1854556398874559,0.2288108106472569,0.11985393071218682,-0.06148801439719775,-0.2724334371413167,-0.014069735785223577,0.05687108550287902,-0.07711047126939413,-0.4598553618921377
Uttar Pradesh,Lucknow,IN-020,-0.010845812528432981,0.7165758125287173,0.5626055646598473,0.08518094380823756,0.19946110201380254,-0.5425126737826029,-0.5263016301875473,-0.27420616502423645,-0.15807486688303032,0.01913705091291303,-0.20735323000752334,-0.7085604430976067,0.20124817378067925,-0.21218366240337386,0.26624383637043847,-0.04313930150193126,-0.02712746385315161,0.22231751149698117,0.13273780162158677,0.0590351825458771,-0.24356014913118074,0.0034794832194565348,-0.000841450823195401,-0.07113939831562209,-0.5995611010190428
Uttar Pradesh,Lucknow,IN-020,-0.0019812820348069997,0.7981732987337551,0.5367566352251228,0.2713343684718732,0.5311168022977868,-0.4784139772209036,-0.5441004633724276,-0.23430381478854084,-0.20723641475057905,0.014557231042263146,-0.045754855656983486,-0.7865236336304728,0.08820440323886881,-0.06620713920436423,0.2598775188170227,-0.04737005167035755,-0.037426241440324644,0.21370506650782184,0.08606764681602093,0.03936376634046724,-0.3834789359074618,-0.01713442634871292,0.006841953723474954,-0.05319541550911374,-0.534995457064747
Uttar Pradesh,Lucknow,IN-020,-0.023103035331444893,0.7900916306367064,0.4844292325499658,-0.014079010785730013,0.266740905491363,-0.3088347119993353,-0.5050033969847084,-0.2689293025260419,0.04732339059529897,-0.01935950727360721,-0.11651772060810543,-0.6413768683904923,-0.09959378207459256,-0.24251208059561744,0.28243291500808104,0.08635664249792283,0.22872830556230447,0.13048845475533394,0.066618703160046,-0.04281455186637642,-0.21633051808194467,0.004268104013037859,-0.01566080479889241,-0.1364782874950125,-0.05790089056863045
Uttar Pradesh,Lucknow,IN-020,0.002948691710924822,0.8750080523723595,0.5544002527418623,0.005218359762802135,0.423494621032275,-0.5508584011288061,-0.5304436784521872,0.21018346828076995,-0.20218471107101507,-0.023457431668530194,-0.18804722389935782,0.10387530820001835,-0.1333755477433684,0.07113752243827576,0.26617454539989044,-0.024468804600020568,-0.14618510170316934,0.14648301700653815,0.0931196044442433,-0.0022944943513466334,-0.06814465270698924,-0.0011295692917482542,-0.0687081649802651,-0.12523561110512446,-0.42848298924848416
Uttar Pradesh,Lucknow,IN-020,0.04720782864666375,0.8286247791101052,0.47466424689610465,0.12835970653068718,0.24647679422889546,-0.3332674578628252,-0.38459966660021117,-0.2526026524375861,0.01965152241082076,0.0010630016192109365,-0.012122382351570446,-0.5845139635047575,-0.010515549004156704,0.037938080909968336,0.317895620914522,0.05285249507802598,0.4019800717633838,0.03586744693559823,0.03240304186505296,0.08090255786928283,-0.3239222563685275,0.04578500818403828,-0.05638891867643385,0.16934310241485015,-0.48451569314122467
Uttar Pradesh,Kanpur,IN-021,-0.021577809861451858,0.4844653392079928,0.23196925318979217,-0.27740844402596276,-1.23033086170964,-0.3713732410984595,-0.4467431981921424,-0.3602854417058451,-0.1674937181412302,-0.10730071501141185,0.3274526108098186,-0.5946505158250078,-0.08633701051827679,-0.1759114608687597,-0.46621312849854246,-0.18176682549229298,-0.2900821430618948,0.38746050510809116,0.42374304738022034,0.26607546438151225,-0.26239815819195106,-0.09593073026867095,-0.019430772097166343,-0.09808859017637614,-0.6825827022137764
Uttar Pradesh,Kanpur,IN-021,-0.0183499832586516,0.547740049609786,0.40112324951912404,-0.41624939701119645,-1.1867229836345026,-0.5198943973601499,-0.42659457396949435,-0.3684388362114799,-0.1927262618957217,0.034434285576149595,0.2577205797403372,-0.5809626882780362,-0.05503211871686393,-0.3673533250458074,-0.5222991116604099,-0.17088899815155786,-0.222067964082744,0.38937260894481485,0.4260676308443931,0.2828129363485094,-0.28363691758539367,-0.08851520983059423,0.038782657602490146,-0.10314146759123395,-0.5056217659635309
Uttar Pradesh,Kanpur,IN-021,-0.03165326287541625,0.5546154114129427,0.4963362489429603,-0.2779774738940574,-1.2302401773989753,-0.5267474417015066,-0.5018025753210903,-0.028830548877580055,-0.2272834706245883,0.004234821235684835,0.030714460317002625,0.08063845842695551,0.04572023332028343,-0.1825052770453911,-0.5138671371605328,-0.12465696781247171,-0.30335002622469753,0.3332664873499168,0.3571357129522538,0.16593458456601806,-0.2704441296631293,-0.03408695737468453,-0.045289381426195416,-0.0959085034839556,-0.4854093648850162
Uttar Pradesh,Kanpur,IN-021,-0.027900525680769547,0.5985703324913211,0.7144942679731947,-0.2949426164162851,-1.209923993295462,-0.5560623697026598,-0.4975466468378525,-0.11195940822325666,-0.20538104820564781,0.019896800573495178,0.18314503942974866,-0.4645979000153378,-0.09995956575448052,-0.14294457255709403,-0.3811096748582982,-0.0817775591918386,-0.24949204830824945,0.37554410977917696,0.36835975385953795,0.27674676585292474,-0.22346076335194126,-0.045615938054396045,-0.03937867333850718,-0.09548700003338366,-0.39397256060039126
Uttar Pradesh,Kanpur,IN-021,-0.032526803663612124,0.6480238262886487,0.810038416172817,-0.2678340614718698,-1.240224136702524,-0.5436778326647843,-0.5190439279728714,-0.1751062331999556,-0.21840013353190477,0.01615325171823387,0.211513499887095,-0.17534470105669053,-0.06255529760300971,-0.08056101278585505,-0.3846822369120091,-0.09497004991678601,-0.301176585818933,0.325768832554093,0.37508172686095237,0.20889196994441295,-0.2746872453043772,0.01550229227084152,-0.04145490174244098,-0.0848644116865707,-0.49205818911401256
Uttar Pradesh,Kanpur,IN-021,0.004457023904579643,0.61650587803433,0.7597843872741219,-0.2741545945950451,-1.23787744222574,-0.34868802465411336,-0.4652857100428434,-0.22867936338365108,-0.18950614447879993,0.024168295446991558,0.21418390280601113,-0.6542747117621663,0.005172503997897246,0.04174320742670096,-0.44350690286098154,-0.10051351519411933,-0.16668314964024528,0.39073817597924626,0.3855174914598776,0.31152252969152666,-0.2591637413683271,-0.022486253297997687,0.036995255566227854,-0.06281966744449825,-0.4855785412096608
Uttar Pradesh,Kanpur,IN-021,0.0027235344520168047,0.6785832484422449,0.786304839303498,-0.2420277241200032,-1.2291082593239284,-0.23315951606485208,-0.24884421936511994,-0.16944422502092527,-0.19526638665753668,0.00883958777143461,0.05653594583629243,-0.08541193686528882,-0.11555329941678522,0.032148528837460374,-0.3834249211620924,-0.08516230861704328,-0.24404896124718772,0.3364315144114346,0.3845470587027178,0.2103966109955304,-0.25394846057052284,0.022839097883681853,-0.025697896699024572,-0.06938744910046658,-0.42155320756925974
Uttar Pradesh,Kanpur,IN-021,0.013070358071750058,0.8687835822948594,0.7623714914381565,-0.004124804971886063,-1.2278554476990484,-0.48239790529218424,-0.47399407577373504,-0.23199952921713354,-0.22630672144201824,-0.002775607865652522,0.3084641452572432,-0.4179316518118694,0.14763347563602572,0.057787208405805125,-0.3777924899481117,-0.05773957721344685,-0.2895013771123307,0.45384485718095813,0.3518786464662762,0.251560031159188,-0.2432926390639341,0.04057761536741483,0.028852229303702986,-0.06810766250609847,-0.42503993517815847
Uttar Pradesh,Kanpur,IN-021,-0.02225074373265274,0.8190252099150103,0.7024264256536682,-0.18153124468234186,-1.2136101268912525,0.23079746803051296,-0.0019239762692065312,-0.07559620719850822,-0.22193444433217063,-0.03948324267617336,0.0553641366102434,-0.4816869512683649,0.0006755493441383191,-0.021632927350557413,-0.4207706162300652,-0.05427970834270137,-0.19513126833272446,0.29202542817597443,0.14792015063989847,0.20111847894872917,0.17765050613769787,0.025635148875873856,-0.08138288020988037,-0.13778806727403978,0.2036961296040524
Uttar Pradesh,Kanpur,IN-021,0.1261062429398757,0.8907317577505655,0.6908433847826189,0.3019645423990862,-1.0089353796193616,-0.5284181601002497,-0.32572070729957786,-0.21551379719730543,-0.162475182541932,0.08592835611544417,0.1095805615953029,-0.5357041957403953,0.02015399521665534,0.09998391345002695,-0.2543416939431497,-0.09447787230308212,0.06439444425114396,0.2514750351881974,0.2782354342151824,0.20119895841968788,-0.25102331805124983,0.08954442933665586,-0.00543441347174995,-0.10444059531415828,-0.4190798180024912
Chandigarh,Chandigarh,IN-022,0.057411251533959026,-1.1093254508266854,0.3677191993555956,-0.03764190072075303,-0.9933709704149841,0.3223729104797528,0.18004885247727356,0.15922420838841286,0.06940794134830659,0.03052815376262448,-0.7183619255217503,0.3807616042908684,0.03122337929594328,0.05024688176642674,-0.19923001392122458,-0.22713105419129165,-0.15904026113191794,-0.16405492601284852,-0.15505848873493935,-0.07971001638013,0.06972929900347662,-0.03487128375710606,-0.09843530218545749,-0.021249700028653763,-0.2612592192659086
Chandigarh,Chandigarh,IN-022,0.014147374921403867,-1.2238410226590237,0.39967496576411654,-0.06118690166290297,-0.9965044141563827,0.19396339549882327,0.13267472790519189,0.14488932674997657,0.07098751845021233,0.01732620688634212,-0.9313777814365883,0.33907837464400575,0.0045430566395944245,-0.03281307554220856,0.1461812070102246,-0.08072119482200889,-0.20943461411832312,-0.21742423198608252,-0.13437898480507057,-0.07237491242923574,0.06920445898212965,-0.035069447325140016,-0.08999753016738456,-0.08189722858647437,0.3063642703507537
Chandigarh,Chandigarh,IN-022,-0.019333464479433342,-1.4744308434805709,0.3980172279510875,-0.10930672041756405,-0.7980639872405145,0.3304686783382595,0.11346093527342246,0.15257695018751075,0.08217515895364007,0.020738791837601293,-0.9703474837997206,0.24972823199056254,0.09901421898639154,0.0382592854177627,0.22012459833354583,-0.12953294725341236,-0.17722754196529933,-0.2666092707656383,-0.1839795043674906,0.022860891301925864,0.09974795689733258,-0.0007396216620438217,-0.09905922534832909,0.0008255932041312066,0.2978797251002723
Chandigarh,Chandigarh,IN-022,-0.002860423419409802,-1.4492658697222813,0.33163705821907735,-0.04876869252488587,-0.5856887287590269,0.37346340938767847,0.13893160821984024,0.14265554005639164,0.05766554593062082,-0.01117948123894479,-1.1444947082606869,0.21750038947470446,-0.1975225733011547,-0.07433961125154147,0.3512147112476859,-0.14878560522712028,-0.16043456362663475,-0.22422275632261315,0.03938550973645287,-0.07736030779258525,0.0898007632143727,-0.010320870095219798,-0.08564110371422946,-0.07130627384946234,0.3058946815757611
Chandigarh,Chandigarh,IN-022,-0.015011513014929303,-1.521800774191741,0.3197480550224918,-0.0934029322704077,-0.2220205234396137,0.21532451006762,0.1151532878722514,0.1578807311291742,0.06188148043476638,-0.017653275669190213,-0.8387674658364315,0.17917273715891174,-0.18868899882578122,-0.08171231929385735,0.36383926784409454,-0.09598998016514898,-0.11273009154575728,-0.37439071090665643,-0.1814239200184264,-0.06386093425721762,-0.015236584462393924,-0.01769000876311398,-0.06833500229506403,-0.09919098529474203,0.2840010852095768
Chandigarh,Chandigarh,IN-022,-0.01334241989388485,-1.331514129526792,0.34992212110129933,0.023932248822766327,-0.1942625849783496,0.18278055232985296,0.10575192544372657,0.1289426686544445,0.04902061407371924,-0.02505259787306272,-0.49694700808435727,0.2124247356490767,-0.0011973605466737835,-0.10189363369682368,0.15718508690449304,-0.034559306167588316,-0.25268032906294513,-0.23506787366057452,-0.2061916259185749,-0.19497418170392886,-0.001735207930659203,-0.016168933648438945,-0.09980704369367517,-0.06881067093270621,0.32648833226492013
Chandigarh,Chandigarh,IN-022,-0.02352613172048178,-1.3333768010390945,0.31970439560705727,0.012728114625145278,-0.08267799263668833,0.20318393781588082,0.13474879198159423,0.15251247012915212,0.06993287234780299,0.004737365021742077,-0.5017288295027713,0.19246947113010057,-0.1738773286199694,-0.08827566777373311,0.24449013928848293,-0.12240146610042285,0.25961347580234206,-0.209070220495586,-0.22305453003462045,-0.018058018819557514,0.0016566337362636078,-0.015996305288503467,-0.07822602480581434,-0.05861450907290819,-0.5469464053460398
Chandigarh,Chandigarh,IN-022,-0.01505218526622698,-1.433422354705284,0.28985988018642184,0.19834049840547646,-0.33366409839804584,0.13481284535539131,0.11521756443210315,0.1516320960804746,0.04176978887528484,0.0027838450474784804,-0.22516566949416644,0.04256712088787233,-0.22580730669260224,-0.07743298761507246,0.24784375645475828,-0.23386535032937686,0.20621044402992061,-0.2518956973987993,-0.22833485858100486,-0.11695558549048016,-0.025269861533151815,-0.01945279988724382,-0.10298638305871445,-0.0865439487916278,0.3121440905139897
Chandigarh,Chandigarh,IN-022,-0.015853545326898085,-1.4550945536777837,0.32428292974871303,0.2729884522935937,-0.21365507226589323,0.14730733931523884,0.12750978551749534,0.1451122421853754,0.04090330495364043,-0.08663942297216952,-0.17023143427579324,-1.0608134401548213,-0.028537504797664707,-0.10315530798646048,0.2301234343145478,-0.034466761853279904,0.3328266172099753,-0.22681523484231206,0.1714803201393484,-0.043765846473895705,0.017720738621763887,-0.03197514529761973,-0.10700426964954304,-0.1008168003589008,0.30130570004104423
Chandigarh,Chandigarh,IN-022,0.02539106535939976,-1.41677636781027,0.3920771458021604,0.22228452734163365,-0.06682347378124566,0.11474059173934797,0.15495496805631928,0.1854581009070942,0.056633608929067734,-0.09527400693370267,0.36730256054554167,-1.051835285151675,-0.1734143946128501,-0.11163849116177668,0.2227284330479697,-0.007069230578663016,0.19474018851584757,-0.36707363853637376,-0.20439415418714918,0.014145157830800984,-0.08298245488356643,-0.033230698670696696,-0.08260184172474455,-0.11457294143682048,0.3062211132598079
Bihar,Patna,IN-023,-0.015308437270355878,-0.14883718626709602,-0.0702998064858265,-0.5498678289814706,-1.2581002704036928,-0.6141748457150138,-0.5334778119865359,-0.4460920948128856,-0.2425528679393338,-0.39780619360477976,-0.19046554687944225,0.10165171570545291,-0.10147587149806021,-0.4101289985154218,-0.8824068223277375,-0.31574188327504377,-0.24299642578255112,0.15463023123609496,0.29246743763776695,0.1345537925096173,-0.27575861979224525,-0.1746354920171675,0.023480825451960976,-0.12974346071900572,-0.8212124141080388
Bihar,Patna,IN-023,-0.016689399315318335,0.0674402863201397,-0.20497959975202767,-0.506951243556634,-1.2911161450610649,-0.5903355014942365,-0.5204518101080023,-0.4229934483709532,-0.20830784983541825,-0.07950913931272334,-0.05137259378044553,-0.6462823197868452,-0.20882272318834239,-0.4598727488922299,-0.5753559881593984,-0.37674931488293795,-0.33022256286700336,0.09693541239306452,0.30903708679248165,0.2244514891601259,-0.2822524622357492,-0.11530349727817195,-0.025172317303364944,-0.10670043936915229,-0.535585725838889
Bihar,Patna,IN-023,-0.021207571223955807,0.06136988278384096,-0.20537656777265484,-0.31967781446272087,-1.3261415801014087,-0.6235034742480273,-0.5208498253850209,-0.378331386273883,-0.23386378665283342,-0.001565396987732779,-0.03166933290359144,-0.6922279407421221,-0.17863075014603644,-0.07774832212928691,-0.5633671739486917,-0.39465868935540804,-0.3381961273741552,0.08620132112011401,0.31786270036036984,0.212086955399711,-0.2967567462206252,-0.07765188942158414,-0.0377906069157647,-0.09495983236732418,-0.602877061035311
Bihar,Patna,IN-023,-0.019350329579004774,0.08029278322943559,-0.19334484118655967,-0.3156902748448171,-1.331467426103021,-0.6229856096894315,-0.5601211084914437,-0.3133049964441849,-0.2464474129042882,0.006902388066712898,-0.035669720233559875,-0.8044093116652672,-0.16565723276833022,-0.12267304700917846,-0.5706969675823631,-0.3393932871636111,-0.20773430115813468,0.09126009808118805,0.33179076125171036,0.20975514576258794,-0.29099033497734217,-0.030655394079599555,-0.028701107591517457,-0.09407438195766525,-0.4487835788979384
Bihar,Patna,IN-023,-0.026231932426329933,0.13246863378213894,-0.18543911303711433,-0.2759837304075333,-1.320440463803648,-0.6092303481233344,-0.5176912241959978,-0.38963521733259165,-0.22599210546604007,0.009144519327371106,-0.050795188234114705,-0.6494258422780388,-0.3183862549370969,-0.07919690681408255,-0.5622168946634862,-0.35794865158672473,-0.33777479497517926,0.11040663342760987,0.31757519112559973,0.21991152962850555,-0.29171312103552427,-0.02821215583791162,-0.03581281050612509,-0.09307439473280811,-0.5841616858414925
Bihar,Patna,IN-023,-0.016384253536714334,0.1687910822970137,-0.14613358999047643,-0.3179118860501392,-1.3309915744483771,-0.5847321645156186,-0.5694213462761213,-0.39466018206134673,-0.2474503165985801,0.008578969964999903,-0.23573690352933532,-0.013397488177168328,-0.17187895963136018,-0.06335995795303076,-0.5836004660254798,-0.3065288015606712,-0.3195682647860201,0.08989478249634199,0.3502794632088652,0.12175481746035356,-0.28371736837292666,-0.014922280118940898,-0.02913558483533814,-0.08355027580705988,-0.4649825275532604
Bihar,Patna,IN-023,0.006919749481878807,0.20972612834585763,-0.1904419788123375,-0.29894099503449906,-1.3420484766540937,-0.5785373316825453,-0.41037357983010236,-0.34868596444107325,-0.229309715807599,9.271774953138417e-06,-0.10524544602318589,-0.6690712504798318,-0.14795022829593238,-0.13974721715553068,-0.5587434800005007,-0.31297611294554734,-0.1162985733460435,0.10500280458685553,0.37647317712994327,0.2325115576760216,-0.28150929428630134,-0.013125122686820059,0.0009873263983726413,-0.0768559156557166,-0.605536207973217
Bihar,Patna,IN-023,0.0116511724717653,0.2810153063130796,-0.13496478723824684,-0.08895334496468492,-1.3829134109181183,-0.60036824332961,-0.5473172232118997,-0.4045497819199715,-0.22057760749152958,-0.0028475810761545593,-0.011096020648978131,-0.6476805495260968,-0.18726092430423597,-0.055389154902153036,-0.24548269979610712,-0.33657673334918364,-0.17935685162503984,0.09280838067485285,0.32924100798011946,0.0838565240054225,-0.2977706081919418,0.005033253260926958,-0.03607527810272581,-0.07882784159157394,-0.4255267241282395
Bihar,Patna,IN-023,0.008317003297544772,0.24695637455420477,-0.327291738165646,-0.01816793936664213,-1.304408066930073,-0.569654672476191,-0.5166438965022313,-0.21662215615787236,-0.23150269175410024,-0.007884866236155499,-0.23886226110898082,-0.8156392380796789,0.06368811636277306,-0.017521350432471564,-0.2460376321768892,-0.24003965604309593,-0.3187913108555045,0.12895076449879148,0.2816992349861801,0.174404909663868,-0.2311063301670895,0.04162966587314254,-0.11548996937333539,-0.08254224871800096,-0.4175787941403868
Bihar,Patna,IN-023,0.00891835797398238,0.30371812981130386,-0.346869109599649,-0.04645093277500132,-1.1963997563920257,-0.618032742627803,-0.015555846866427135,-0.24477599620097173,-0.24223406368414563,0.03419369520084197,-0.10320132829197211,-0.9032359205624086,0.00770832428783845,0.011229629421831104,-0.3134866858378664,-0.25934056179997816,-0.20482191168182487,0.021054101750601247,0.2517593639274425,0.19461017718388077,-0.2745267549442337,-0.028163682032515496,-0.015199064132007542,-0.07405259260234696,-0.4555447834801732
Jharkhand,Ranchi,IN-024,-0.0346872556503378,-1.6083562347997864,-0.5678475402147062,-0.6332841486945087,-1.4683287240656988,-0.7480857209611075,-0.6638490180002801,-0.4314738829445193,-0.34422111607732814,-1.073496913532672,-0.40750622110766005,-1.5394132592663683,0.10061343063223963,-0.3213056391642125,-1.1843678375002913,-1.4415947295563016,-0.32205606253781366,-0.4189691987106258,-0.23194951392718438,0.24869042776780764,-0.376925322708944,-0.2629863240419309,-0.09080621535060882,-0.25669514288217293,-0.9452294994254251
Jharkhand,Ranchi,IN-024,-0.0367426412990622,-1.7038184315907168,-0.7690589213965884,-0.4150717566851906,-1.5904803008580564,-0.7879506902491369,-0.6776305152740696,-0.45382100306616685,-0.364057361492875,-0.12509288130859225,-0.8354548032313454,-0.9036058055349195,-0.2487579425869119,-0.28792790192275597,-1.2771674416108956,-1.5779420060729177,-0.35689076559659605,-0.5551440414424264,-0.24058862934691333,0.04764501127235534,-0.3814997895139229,-0.247293330226896,-0.08323453642348352,-0.22905964692689615,-0.9355881876981721
Jharkhand,Ranchi,IN-024,-0.02538459624463709,-1.5913835039802877,-0.6674803231935958,-0.5540155603978975,-1.785674869483241,-0.8987107201090554,-0.7662308969726788,-0.4811760718286494,-0.33720228931631463,-0.009958868690978293,-0.8280004725679873,-1.0267195208705122,-0.259709185309576,-0.27667364222806223,-0.7522557871671532,-1.5568736976241049,-0.38448763518850526,-0.5852462383577893,-0.312208324244534,-0.11233516749303125,-0.40178155540125354,-0.18072042590814433,-0.1253281284305356,-0.21396467309311598,-0.5774523484886006
Jharkhand,Ranchi,IN-024,-0.04303780374367595,-1.6482986446001044,-0.6122619043969121,-0.45062827409850525,-1.94854010023441,-0.9405822952221843,-0.793782217140404,-0.3541677526394195,-0.39898186826922855,0.002778745216607556,-1.1457936630592558,-0.7981579086281531,-0.1944906341647928,-0.28554764801272015,-0.8554464207213945,-1.3945882994635788,-0.22363626379761273,-0.598886814184155,-0.4035721742900899,-0.2233278550470082,-0.4885039273135855,-0.040138326971210656,-0.05958677019109396,-0.3026508934935959,-0.7454859144987078
Jharkhand,Ranchi,IN-024,-0.048992572330882465,-1.3883831969095812,-0.8337235022908513,-0.4837649104780645,-1.7650445543509805,-0.8190790991761773,-0.7917469446983758,-0.6277955064530892,-0.478045568874219,0.006546848380988325,-1.1205109937528055,0.23564680579711755,-0.01665522335201211,-0.6245234307898369,-0.8967695983213756,-1.4045491061040127,-0.38607634645641364,-0.7086048799150806,-0.2668591431220337,-0.23297627289398407,0.22910841511109428,-0.13910126076370216,-0.07570039659720931,-0.2998889216097681,-0.6188670901245632
Jharkhand,Ranchi,IN-024,-0.01871895881710538,-1.368434130505429,-0.4885782927436282,-0.4357947616895488,-1.9945631850494905,-0.9069434333434384,-0.7982628543150498,-0.27518271697631763,-0.39906249995657833,0.0034610151163221295,-1.027810816060176,-1.1902405832814658,-0.2725401072052656,-0.008206141491425668,-0.8470695287804934,-1.0569956058983003,-0.23740645261233734,-0.31489789046816685,-0.318780855427038,-0.11556661450611991,-0.4529172783152267,-0.11030730400996688,-0.05124472297543105,-0.2939727514219943,-0.7187792445743038
Jharkhand,Ranchi,IN-024,-0.007254311297250293,-1.331861951129988,-0.7041752597553558,-0.4238598449217665,-1.841854844648841,-0.8467910363353064,-0.789280361985161,-0.6577598323793652,-0.27757834916528296,0.0032561800294698007,-1.163232865451306,-0.12049137542398437,-0.4792388174661363,0.007996167903897053,-0.9179142325304385,-1.4785782280666928,-0.3545473679335783,-0.6872344568782058,-0.18924516431701802,0.15453060860553589,-0.4284814647969739,-0.06535379512337543,0.02740082387949332,-0.2752521475681152,-0.6880832109977967
Jharkhand,Ranchi,IN-024,0.01101195721291244,-1.3864068477556963,-0.5850006924071794,-0.4553861966811886,-2.0667503412788437,-0.853945190253011,-0.6704276013785051,-0.6035812516902732,-0.5057273067658914,-0.03199329823347643,-0.992544711965498,0.06057625197056542,-0.2856680921498165,-0.1150201045812001,-0.7646122323580052,-1.4973185289628126,-0.4100420684695926,-0.7140447757009707,-0.1657880473238577,-0.23094078654081968,-0.4052156638382199,-0.06765047058595364,-0.1279789954051261,0.1716700614915247,-0.6043254589228412
Jharkhand,Ranchi,IN-024,-0.005775472029093925,-1.363897019586877,-0.2819945876101562,-0.13370012386918576,-2.16062190512345,-0.866759023285319,-0.558297587862206,-0.320800402879334,-0.316047836962809,-0.026647481885674635,-0.6581600218936627,-1.3212595426303424,-0.36633115929683635,-0.15764403231969612,-0.20038589479053115,-1.310033521445527,-0.2929975229897521,-0.6642957508549177,-0.2063276175738848,-0.20177059591174681,-0.2899404761435312,-0.10404416567102671,-0.0472816274842114,-0.2951769176905931,-0.8458548256905867
Jharkhand,Ranchi,IN-024,-0.05569936518604004,-1.3568158542477484,-0.28747310373083607,-0.1599609768599522,-1.5097618330356268,-0.9912908634899351,-0.3641587773533815,-0.5488083668597703,-0.3522105122723814,-0.05556741911542255,-0.9119364469202921,-1.3577804614511582,-0.4043611114164312,-0.10102591562916208,-0.817552146553819,-1.2236016783564705,-0.23551556588530365,-0.6714443337711582,-0.2143807784912601,-0.05847262613214513,0.25562864878588387,-0.048814456063318065,-0.1637842248374317,-0.2734139591950595,-0.6676102853366559
Assam,Guwahati,IN-025,-0.023133813450982667,-2.067416160265943,-4.155699966152975,-0.6446335552105944,-2.003517650168914,-0.7735077136052789,-0.7871969718082397,-0.45359831211274454,-0.42024997510844125,-0.2253646150003508,-0.9638078292786463,-0.8313794294400345,-0.2783105392448545,-0.5640906090659896,-0.9004036794224117,-1.264382896380064,-0.518608623373882,-0.4570571469247473,0.0015086752927095032,-0.31645634568265574,-0.40866517361379356,-0.2396336370672609,-0.14447672819414228,-0.36293493033111934,-0.6454279072351694
Assam,Guwahati,IN-025,-0.07139628665440523,-1.9798111136674423,-3.9435270720117104,-0.6316210342165329,-1.8826842492506446,-0.8227024227706289,-0.8334561601325831,-0.43246092261534896,-0.40424674196451044,-0.10636321057342289,-1.1861432336226576,-1.0078995217479605,-0.2685435446720121,-0.25905166847764766,-1.1505701268711763,-1.2172738064818185,-0.4630931129268072,-0.47594156582698516,-0.12471444569437026,-0.2765785805899233,-0.45032625121980063,-0.2167642387231112,-0.12895205386281225,-0.2753073163340073,-0.6310027043480129
Assam,Guwahati,IN-025,-0.07380148380908112,-1.948075936762688,-4.332342483366476,-0.4662352303209775,-1.7273882529682463,-0.7265249514484378,-0.8804224652576168,-0.544478586626882,-0.46136580019146745,-0.03911450084502064,-1.3750383979422909,-0.7855847430142452,-0.28877048384995235,-0.26208527083997646,-0.8351035146610734,-1.1304633115917053,-0.4888221439971521,-0.5300507951790273,-0.28561116019909777,0.2739435886512641,-0.4450787477077474,-0.20097099174288824,-0.11460075648860676,-0.32096521243284465,-0.6510281725255818
Assam,Guwahati,IN-025,-0.06488822817780934,-1.6820322878704075,-4.2572586837277955,-0.46491409766253367,-1.918007645477509,-0.7974155876170815,-0.7529604892248571,-0.521037952486845,-0.44264494644558977,-0.029305722214900923,-1.2471594560175756,-1.0200097318317296,-0.19086140337036323,-0.19759156557048552,-0.704892791921744,-1.032081744247125,-0.5120369813833765,-0.45285501722848936,-0.3122500043884533,-0.08561164636250428,-0.4254001116257994,-0.14258310156911425,-0.1176173460318811,-0.30856726175685,-0.6275160898406139
Assam,Guwahati,IN-025,-0.06869825683091009,-1.5461547287445025,-4.3456219943105365,-0.4491520359795585,-1.9974004088840223,-0.5872592104092085,-0.8709908597196501,-0.5721135383916585,-0.503442091331405,-0.031073880194865056,-1.2633541559976396,-0.9026850289293082,-0.11462526829295071,-0.5253849506589454,-0.7318255827527802,-0.9158883680045774,-0.539726979139535,-0.5278291903287321,-0.45173287565568576,0.1249837236658087,-0.4212590465086686,-0.04069639341694339,-0.10154188884071923,-0.3212253558426196,-0.6280949377518857
Assam,Guwahati,IN-025,-0.06284944058498072,-1.573654082566126,-4.353710967004426,-0.41738304613497407,-2.1105828228478267,-0.787249343619505,-0.7696516481486608,-0.37037291606063055,-0.4942694453168752,-0.021330879187333354,-1.0302032516130695,-1.0962657277420311,-0.38726469825846854,0.00857885605265798,-0.5620513874293593,-0.907674068691596,-0.4787050415214096,-0.5114025552120464,-0.36135262703120863,-0.08747585992921661,-0.4215568894097766,-0.07147077884507408,0.002239642824114191,-0.2908008097548707,-0.6500504598449793
Assam,Guwahati,IN-025,0.03711880478594108,-1.6156288295277668,-4.267630021866066,-0.3975560043881344,-2.1307990306837894,-0.724796313984105,-0.8703652551989837,-0.5828362568421267,-0.4928607245071649,-0.027892391487750672,-1.0593581004373172,-0.9124586678648884,-0.3224297929066974,0.004500570288854635,-0.6220041383317158,-0.9152160776697008,-0.3408446241296877,-0.49756878710626024,-0.2383085206948431,-0.14253595147541695,-0.43018512921511387,-0.06902721447748984,0.01692706024956967,-0.2987382251590708,-0.6712106314132021
Assam,Guwahati,IN-025,0.0423235698637569,-1.6896864894857495,-4.10738133176055,-0.440359406785223,-2.167131833895378,-0.7276766201863255,-0.36311507879546795,-0.4493041701660303,-0.4521662640951167,-0.0076162292748598115,-0.8442225675925982,-1.1320992040939102,-0.3125846966876183,-0.15055901276144276,-0.6506428281096351,-0.8343283897162747,-0.5353618071959783,-0.5799646978396077,-0.2541793566301537,-0.1321137023049546,-0.24741863035636621,-0.0906530272166297,-0.06750473157585642,-0.2821116789495548,-0.6481308036282364
Assam,Guwahati,IN-025,0.010608127163815711,-1.6937622308643154,-4.483658119832783,-0.457947375333981,-1.809473527775687,-0.06080703820116392,-0.9014715589308933,-0.4166916865358469,-0.5553774319239076,-0.06461832828272791,-0.9134507573316791,0.26515038325181667,-0.22269921004404986,-0.15614369369799924,-0.3916040268755785,-1.118993036456821,-0.3787030584686061,-0.5234536419904801,-0.46103257851203033,0.06346250746095579,-0.5979274013539614,-0.04990264503245138,-0.2637109130936157,-0.27555109375286085,-0.6474992489223018
Assam,Guwahati,IN-025,0.034798477900525204,-1.6378468753916628,-4.186954187047219,-0.09293019730031872,-2.15138456661165,-0.6178683342361722,-0.8534897993947806,-0.5858628365438904,-0.5355844815835402,0.0347624936210196,-0.8608374603581868,-0.9604661553887308,-0.31877157382588706,-0.14256761358090805,-0.41640338401356924,-0.9841755656732525,-0.3795764049770487,-0.50001096549151,-0.38601345438413703,-0.15017605955792135,-0.4148053139847619,-0.06402671617891138,-0.1072058819699103,-0.2838878463915019,0.3587299867010274
Jammu & Kashmir,Srinagar,IN-026,0.06745723907620406,-0.8586421330931858,-4.289955854059164,-0.4187397247065988,-1.847588033446731,-0.8000902224629607,-0.7836310072659494,-0.4597853479084354,-0.28323771449962193,-0.09682727062792319,-2.8991459528069825,-1.0711123351421008,-0.42581103809799004,-0.3500078955465651,-0.717635215518604,-1.0168070449578723,-0.5393383423731921,-1.2422731272849588,-0.9829420452259835,-0.24671738112600633,-0.7158681982651577,-0.14329314309682062,-0.1247857484693302,-0.22163953405600959,-0.6630671051585789
Jammu & Kashmir,Srinagar,IN-026,-0.015397628200049269,-0.905135756725824,-4.504923928912878,-0.40810067975310693,-1.8498054350885045,-0.88939784466118,-0.8170823222915435,-0.4254769963060058,-0.3070327350855732,-0.03589346893674958,-3.3259423532469468,-1.0385850972899533,-0.42596482878277264,-0.21992261240955252,-0.538019127382059,-0.9550146660927747,-0.5426141835953027,-1.2479830780041716,-1.0444072130601674,-0.16887292387251124,-0.4957189283297241,-0.10984927970958458,-0.05153212699543975,-0.21734304961392786,-0.6200568727790552
Jammu & Kashmir,Srinagar,IN-026,-0.056905403458637864,-0.9208359473585456,-4.353358191049931,-0.3494410817776146,-1.8607021022731371,-0.9466893391681853,-0.7780062881820865,-0.4486498602023742,-0.2375253285186585,-0.02204484150542894,-3.2084830553848516,-1.2157850943247066,-0.35257104653245547,-0.14565328287185692,-0.5351767917711148,-1.0155718208334539,-0.5202809114490046,-1.219710563778428,-1.0271046396291237,-0.19240699296332237,-0.50729810937934,-0.08280117240013637,-0.08700869152807132,-0.25441125365656664,-0.6269442421916661
Jammu & Kashmir,Srinagar,IN-026,-0.06726580082937778,-0.9135805829377379,-4.359484647403742,-0.39436875544890887,-1.8725473170197058,-0.8666244269784508,-0.7727274654294934,-0.48585277070891736,-0.29348710553730206,-0.05131980225902775,-3.244328571389393,-1.0307254677352922,-0.3891183771323541,-0.21878668854359307,-0.5495960880803701,-0.9569418637647382,-0.5456786585308316,-1.1489291092372633,-1.0373520356156807,-0.19230524863106638,-0.4064415097269694,-0.052209987493931985,-0.10919800647705073,-0.24782340781985887,-0.6334950147229713
Jammu & Kashmir,Srinagar,IN-026,-0.05127119541765291,-0.9208696888711911,-3.76627745896776,-0.3636369870429076,-1.6869075495622905,-0.9574459986068398,-0.8498295785293452,-0.47096483336577544,-0.4176807859396824,-0.05127510733962436,-3.423083686577357,-1.076736050214283,-0.3480594536250468,-0.1995116512108029,-0.5567522154604954,-0.817317137056865,-0.534147903852568,-1.4272926024299433,-1.0185757498824985,0.19238135487684074,-0.6273627743999685,-0.06974046933967984,-0.11990572524627634,-0.2520493994716405,-0.641130787059354
Jammu & Kashmir,Srinagar,IN-026,-0.07071465325424038,-0.8614100671974724,-4.112908576345254,-0.3810803657539588,-1.870720995904644,-0.7851835883950896,-0.7085350130339341,-0.4723875632763604,-0.3139046491891661,-0.05756670194389716,-3.49044988035719,-0.8674596666114268,-0.3561203307585854,-0.20779910681231373,-0.4926198323749538,-0.9347641001601106,-0.4727139645349583,-1.1887010667404576,-1.0786426784772547,-0.16534570379486407,-0.5858757078281003,-0.051059906794749976,-0.0927016897532237,-0.242775656312677,-0.654486542504414
Jammu & Kashmir,Srinagar,IN-026,0.037970534730020884,-0.887640140457442,-3.843368867220594,-0.19286462021513362,-1.8740748558695723,-0.8813733791618905,-0.8016391687704173,-0.5012055969159698,-0.3101072244687965,-0.05616727646414064,-3.7624935555025747,-1.0170491713041687,-0.38806950102178933,-0.14264961614133503,-0.5158015528349118,-0.900123217937321,-0.328792336598487,-1.2571470978274364,-1.0530872635085118,-0.1715973337171601,-0.4995439815720553,-0.04266615597246719,-0.10485529092023822,-0.25457363979525044,-0.5637516084746127
Jammu & Kashmir,Srinagar,IN-026,-0.025509292883603044,-0.8966144836287565,-2.999902782499825,-0.410970038788336,-1.6418172646811697,-0.9864870307309671,-0.6666617805483546,-0.4288198566578397,-0.3929264271494759,-0.049794150874242556,-4.263253974104834,-0.9321356206630875,-0.3764713609788587,-0.19994127638790696,-0.46070465697359636,-0.9119162994415787,-0.4716782527348871,-1.4639516519173745,-1.1312465584104754,0.20939043038928562,-0.5082212256620904,-0.000826820332535304,-0.07754662288245855,-0.25489462027043663,-0.5848695766580838
Jammu & Kashmir,Srinagar,IN-026,-0.030217151401435004,-0.9828375310679895,-2.1338774595369046,-0.16069871171097996,-1.8178569088318037,-0.9910452999721429,-0.6916396407122952,-0.40109226093996864,-0.32335523021062623,-0.06735421157508727,-4.38271296173994,-1.339266584525921,-0.3735251592450868,-0.20233785765869494,-0.49359114137874033,-0.9745412626877897,-0.37702875072936104,-1.3452406102200765,-1.061104097304498,-0.16335054083042377,-0.7251626561100175,-0.07328473966399048,-0.11638524452437722,-0.25029710462816174,-0.5575085895473929
Jammu & Kashmir,Srinagar,IN-026,-0.0851996279501777,-0.8781691075996143,-1.8231942442955307,-0.17665803846781059,-1.8312144847450613,-0.7586729561800432,-0.27921711295223045,-0.3052356037475978,0.03732077068538948,-0.03826027002477233,-4.710965446686091,-1.4574361461917933,-0.4739164721481874,-0.25795018837678363,-0.4628974371164914,-1.0906439856631276,-0.39871128526509464,-1.2424132459378292,-1.1559750654027816,-0.28587296643152516,-0.47483924077571155,-0.08647957273329984,-0.22765591008207134,0.04822739946491566,-0.7015441814788318
